,DOM,delay
1,2,251949
2,2,252030
3,2,252111
4,2,252191
5,2,252272
6,2,252353
7,2,252434
8,2,252514
9,2,252595
10,2,252676
11,2,252756
12,2,252837
13,2,252918
14,2,252998
15,2,253079
16,2,253159
17,2,253241
18,2,253321
19,2,253401
20,2,253483
21,2,253563
22,2,253644
23,2,253725
24,2,253805
25,2,253886
26,2,253966
27,2,254047
28,2,254128
29,2,254208
30,2,254290
31,2,254370
32,2,254451
33,2,254532
34,2,254612
35,2,254693
36,2,254773
37,2,254854
38,2,254935
39,2,255015
40,2,255097
41,2,255177
42,2,255257
43,2,255338
44,2,255419
45,2,255500
46,2,255580
47,2,255661
48,2,255742
49,2,255822
50,2,255904
51,2,255984
52,2,256064
53,2,256145
54,2,256226
55,2,256307
56,2,256387
57,2,256469
58,2,256549
59,2,256629
60,2,256711
61,2,256791
62,2,256872
63,2,256952
64,2,257033
65,2,257114
66,2,257194
67,2,257275
68,2,257356
69,2,257436
70,2,257517
71,2,257597
72,2,257679
73,2,257759
74,2,257840
75,2,257921
76,2,258001
77,2,258081
78,2,258163
79,2,258243
80,2,258324
81,2,258405
82,2,258485
83,2,258567
84,2,258647
85,2,258728
86,2,258808
87,2,258889
88,2,258970
89,2,259050
90,2,259131
91,2,259212
92,2,259292
93,2,259373
94,2,259453
95,2,259534
96,2,259615
97,2,259696
98,2,259777
99,2,259857
100,2,259938
101,2,260019
102,2,260099
103,2,260180
104,2,260260
105,2,260342
106,2,260422
107,2,260502
108,2,260583
109,2,260664
110,2,260745
111,2,260825
112,2,260906
113,2,260987
114,2,261068
115,2,261148
116,2,261229
117,2,261309
118,2,261390
119,2,261471
120,2,261552
121,2,261632
122,2,261712
123,2,261794
124,2,261874
125,2,261955
126,2,262036
127,2,262116
128,2,262197
129,2,262278
130,2,262359
131,2,262439
132,2,262519
133,2,262601
134,2,262681
135,2,262762
136,2,262842
137,2,262923
138,2,263004
139,2,263085
140,2,263166
141,2,263246
142,2,263327
143,2,263408
144,2,263488
145,2,263569
146,2,263650
147,2,263730
148,2,263811
149,2,263891
150,2,263973
151,2,264053
152,2,264134
153,2,264215
154,2,264295
155,2,264376
156,2,264457
157,2,264537
158,2,264618
159,2,264698
160,2,264780
161,2,264860
162,2,264940
163,2,265021
164,2,265102
165,2,265183
166,2,265263
167,2,265344
168,2,265425
169,2,265506
170,2,265587
171,2,265667
172,2,265747
173,2,265829
174,2,265909
175,2,265990
176,2,266070
177,2,266152
178,2,266232
179,2,266312
180,2,266393
181,2,266474
182,2,266554
183,2,266635
184,2,266716
185,2,266797
186,2,266877
187,2,266958
188,2,267039
189,2,267119
190,2,267201
191,2,267281
192,2,267362
193,2,267442
194,2,267523
195,2,267604
196,2,267684
197,2,267765
198,2,267846
199,2,267926
200,2,268008
201,2,268088
202,2,268168
203,2,268249
204,2,268330
205,2,268411
206,2,268491
207,2,268571
208,2,268653
209,2,268733
210,2,268815
211,2,268895
212,2,268975
213,2,269057
214,2,269137
215,2,269218
216,2,269298
217,2,269379
218,2,269460
219,2,269540
220,2,269621
221,2,269702
222,2,269782
223,2,269863
224,2,269944
225,2,270025
226,2,270105
227,2,270185
228,2,270267
229,2,270347
230,2,270428
231,2,270508
232,2,270589
233,2,270670
234,2,270750
235,2,270832
236,2,270912
237,2,270992
238,2,271073
239,2,271154
240,2,271235
241,2,271315
242,2,271396
243,2,271477
244,2,271557
245,2,271638
246,2,271719
247,2,271799
248,2,271880
249,2,271961
250,2,272042
251,2,272122
252,2,272203
253,2,272284
254,2,272364
255,2,272446
256,2,272526
257,2,272606
258,2,272687
259,2,272767
260,2,272849
261,2,272929
262,2,273010
263,2,273091
264,2,273171
265,2,273252
266,2,273333
267,2,273413
268,2,273494
269,2,273574
270,2,273656
271,2,273736
272,2,273817
273,2,273898
274,2,273978
275,2,274060
276,2,274140
277,2,274220
278,2,274301
279,2,274382
280,2,274463
281,2,274543
282,2,274624
283,2,274705
284,2,274785
285,2,274866
286,2,274947
287,2,275027
288,2,275108
289,2,275188
290,2,275270
291,2,275350
292,2,275430
293,2,275512
294,2,275592
295,2,275673
296,2,275754
297,2,275834
298,2,275915
299,2,275995
300,2,276077
301,2,276157
302,2,276237
303,2,276319
304,2,276399
305,2,276479
306,2,276561
307,2,276641
308,2,276722
309,2,276802
310,2,276884
311,2,276964
312,2,277044
313,2,277126
314,2,277206
315,2,277286
316,2,277368
317,2,277447
318,2,277529
319,2,277609
320,2,277691
321,2,277771
322,2,277851
323,2,277933
324,4,30942
325,4,31023
326,4,31105
327,4,31186
328,4,31268
329,4,31349
330,4,31431
331,4,31512
332,4,31593
333,4,31675
334,4,31757
335,4,31838
336,4,31920
337,4,32000
338,4,32083
339,4,32163
340,4,32246
341,4,32327
342,4,32408
343,4,32490
344,4,32571
345,4,32652
346,4,32734
347,4,32815
348,4,32897
349,4,32979
350,4,33060
351,4,33141
352,4,33222
353,4,33305
354,4,33386
355,4,33468
356,4,33549
357,4,33630
358,4,33670
359,4,33753
360,4,33834
361,4,33916
362,4,33956
363,4,34040
364,4,34080
365,4,34162
366,4,34243
367,4,34325
368,4,34407
369,4,34488
370,4,34569
371,4,34651
372,4,34732
373,4,34814
374,4,34895
375,4,34976
376,4,35058
377,4,35139
378,4,35221
379,4,35302
380,4,35384
381,4,35465
382,4,35546
383,4,35628
384,4,35709
385,4,35792
386,4,35872
387,4,35953
388,4,36035
389,4,36117
390,4,36198
391,4,36280
392,4,36361
393,4,36443
394,4,36524
395,4,36606
396,4,36687
397,4,36768
398,4,36851
399,4,36931
400,4,37012
401,4,37094
402,4,37175
403,4,37258
404,4,37338
405,4,37419
406,4,37501
407,4,37583
408,4,37665
409,4,37746
410,4,37826
411,4,37909
412,4,37990
413,4,38072
414,4,38153
415,4,38234
416,4,38316
417,4,38397
418,4,38480
419,4,38560
420,4,38642
421,4,38723
422,4,38805
423,4,38887
424,4,38968
425,4,39048
426,4,39131
427,4,39212
428,4,39294
429,4,39375
430,4,39456
431,4,39538
432,4,39619
433,4,39701
434,4,39782
435,4,39864
436,4,39945
437,4,40026
438,4,40108
439,4,40190
440,4,40271
441,4,40352
442,4,40433
443,4,40515
444,4,40597
445,4,40638
446,4,40719
447,4,40801
448,4,40883
449,4,40964
450,4,41045
451,4,41087
452,4,41168
453,4,41250
454,4,41331
455,4,41412
456,4,41494
457,4,41576
458,4,41658
459,4,41739
460,4,41819
461,4,41902
462,4,41983
463,4,42065
464,4,42146
465,4,42227
466,4,42309
467,4,42390
468,4,42472
469,4,42553
470,4,42634
471,4,42716
472,4,42797
473,4,42879
474,4,42961
475,4,43042
476,4,43124
477,4,43205
478,4,43287
479,4,43368
480,4,43449
481,4,43531
482,4,43612
483,4,43694
484,4,43775
485,4,43856
486,4,43938
487,4,44019
488,4,44101
489,4,44182
490,4,44263
491,4,44346
492,4,44427
493,4,44509
494,4,44590
495,4,44670
496,4,44753
497,4,44834
498,4,44916
499,4,44997
500,4,45079
501,4,45160
502,4,45241
503,4,45323
504,4,45404
505,4,45485
506,4,45567
507,4,45648
508,4,45731
509,4,45811
510,4,45892
511,4,45975
512,4,46056
513,4,46138
514,4,46218
515,4,46300
516,4,46382
517,4,46463
518,4,46545
519,4,46626
520,4,46707
521,4,46789
522,4,46870
523,4,46952
524,4,47034
525,4,47115
526,4,47196
527,4,47277
528,4,47359
529,4,47441
530,4,47522
531,4,47604
532,4,47685
533,4,47767
534,4,47848
535,4,47929
536,4,48011
537,4,48092
538,4,48174
539,4,48255
540,4,48337
541,4,48418
542,4,48499
543,4,48581
544,4,48663
545,4,48744
546,4,48825
547,4,48907
548,4,48989
549,4,49070
550,4,49151
551,4,49233
552,4,49314
553,4,49396
554,4,49477
555,4,49558
556,4,49640
557,4,49722
558,4,49804
559,4,49884
560,4,49965
561,4,50048
562,4,50129
563,4,50210
564,4,50292
565,4,50373
566,4,50455
567,4,50536
568,4,50618
569,4,50699
570,4,50780
571,4,50863
572,4,50944
573,4,51025
574,4,51106
575,4,51187
576,4,51269
577,4,51351
578,4,51433
579,4,51514
580,4,51555
581,4,51636
582,4,51718
583,4,51800
584,4,51881
585,4,51962
586,4,52044
587,4,52125
588,4,52207
589,4,52288
590,4,52369
591,4,52452
592,4,52532
593,4,52574
594,4,52656
595,4,52736
596,4,52819
597,4,52900
598,4,52982
599,4,53063
600,4,53144
601,4,53226
602,4,53307
603,4,53389
604,4,53470
605,4,53551
606,4,53633
607,4,53714
608,4,53796
609,4,53878
610,4,53959
611,4,54041
612,4,54122
613,4,54204
614,4,54285
615,4,54366
616,4,54448
617,4,54529
618,4,54611
619,4,54692
620,4,54773
621,4,54855
622,4,54936
623,4,55018
624,4,55100
625,4,55180
626,4,55263
627,4,55343
628,4,55425
629,4,55506
630,4,55588
631,4,55670
632,4,55751
633,4,55833
634,4,55914
635,4,55995
636,4,56077
637,4,56158
638,4,56239
639,4,56321
640,4,56402
641,4,56484
642,4,56565
643,4,56648
644,4,56728
645,4,56770
646,4,56852
647,4,56933
648,5,188045
649,5,188087
650,5,188126
651,5,188166
652,5,188209
653,5,188247
654,5,188289
655,5,188328
656,5,188369
657,5,188410
658,5,188449
659,5,188491
660,5,188529
661,5,188571
662,5,188612
663,5,188650
664,5,188693
665,5,188733
666,5,188773
667,5,188814
668,5,188852
669,5,188893
670,5,188933
671,5,188975
672,5,189016
673,5,189054
674,5,189094
675,5,189137
676,5,189176
677,5,189216
678,5,189256
679,5,189298
680,5,189338
681,5,189378
682,5,189417
683,5,189459
684,5,189497
685,5,189538
686,5,189578
687,5,189621
688,5,189659
689,5,189741
690,5,189782
691,5,189862
692,5,189901
693,5,189943
694,5,189981
695,5,190022
696,5,190062
697,5,190103
698,5,190144
699,5,190184
700,5,190224
701,5,190264
702,5,190306
703,5,190344
704,5,190427
705,5,190465
706,5,190505
707,5,190546
708,5,190586
709,5,190669
710,5,190749
711,5,190787
712,5,190830
713,5,190868
714,5,190910
715,5,190949
716,5,190989
717,5,191031
718,5,191072
719,5,191112
720,5,191152
721,5,191192
722,5,191234
723,5,191273
724,5,191312
725,5,191354
726,5,191394
727,5,191435
728,5,191475
729,5,191515
730,5,191556
731,5,191636
732,5,191675
733,5,191717
734,5,191755
735,5,191798
736,5,191838
737,5,191879
738,5,191919
739,5,191958
740,5,191998
741,5,192039
742,5,192080
743,5,192119
744,5,192161
745,5,192199
746,5,192241
747,5,192282
748,5,192320
749,5,192360
750,5,192403
751,5,192443
752,5,192484
753,5,192524
754,5,192562
755,5,192603
756,5,192645
757,5,192684
758,5,192724
759,5,192766
760,5,192805
761,5,192847
762,5,192887
763,5,192927
764,5,192966
765,5,193007
766,5,193048
767,5,193087
768,5,193129
769,5,193169
770,5,193208
771,5,193248
772,5,193289
773,5,193329
774,5,193369
775,5,193410
776,5,193450
777,5,193491
778,5,193531
779,5,193613
780,5,193654
781,5,193693
782,5,193735
783,5,193773
784,5,193814
785,5,193854
786,5,193893
787,5,193934
788,5,193974
789,5,194016
790,5,194055
791,5,194097
792,5,194138
793,5,194176
794,5,194218
795,5,194257
796,5,194299
797,5,194338
798,5,194380
799,5,194421
800,5,194501
801,5,194539
802,5,194580
803,5,194622
804,5,194660
805,5,194701
806,5,194742
807,5,194782
808,5,194823
809,5,194863
810,5,194904
811,5,194942
812,5,194983
813,5,195025
814,5,195065
815,5,195104
816,5,195144
817,5,195187
818,5,195225
819,5,195267
820,5,195306
821,5,195348
822,5,195387
823,5,195428
824,5,195470
825,5,195510
826,5,195548
827,5,195591
828,5,195629
829,5,195670
830,5,195711
831,5,195751
832,5,195790
833,5,195832
834,5,195870
835,5,195913
836,5,195951
837,5,195992
838,5,196034
839,5,196075
840,5,196115
841,5,196153
842,5,196196
843,5,196234
844,5,196274
845,5,196357
846,5,196397
847,5,196438
848,5,196478
849,5,196517
850,5,196557
851,5,196598
852,5,196638
853,5,196679
854,5,196717
855,5,196758
856,5,196800
857,5,196839
858,5,196879
859,5,196919
860,5,196962
861,5,197002
862,5,197043
863,5,197083
864,5,197121
865,5,197164
866,5,197204
867,5,197243
868,5,197283
869,5,197324
870,5,197364
871,5,197403
872,5,197444
873,5,197486
874,5,197526
875,5,197608
876,5,197645
877,5,197688
878,5,197726
879,5,197766
880,5,197809
881,5,197849
882,5,197890
883,5,197930
884,5,197970
885,5,198011
886,5,198051
887,5,198092
888,5,198132
889,5,198172
890,5,198253
891,5,198292
892,5,198333
893,5,198373
894,5,198411
895,5,198454
896,5,198492
897,5,198533
898,5,198573
899,5,198613
900,5,198654
901,5,198694
902,5,198735
903,5,198777
904,5,198815
905,5,198856
906,5,198898
907,5,198937
908,5,198977
909,5,199017
910,5,199058
911,5,199098
912,5,199141
913,5,199221
914,5,199259
915,5,199300
916,5,199341
917,5,199382
918,5,199422
919,5,199460
920,5,199503
921,5,199541
922,5,199584
923,5,199624
924,5,199664
925,5,199703
926,5,199745
927,5,199786
928,5,199826
929,5,199864
930,5,199905
931,5,199947
932,5,199985
933,5,200026
934,5,200067
935,5,200107
936,5,200147
937,5,200187
938,5,200229
939,5,200269
940,5,200310
941,5,200350
942,5,200391
943,5,200471
944,5,200511
945,5,200552
946,5,200592
947,5,200633
948,5,200713
949,5,200753
950,5,200792
951,5,200832
952,5,200874
953,5,200915
954,5,200954
955,5,200995
956,5,201034
957,5,201075
958,5,201116
959,5,201156
960,5,201197
961,5,201237
962,5,201277
963,5,201316
964,5,201358
965,5,201397
966,5,201439
967,5,201478
968,5,201518
969,5,201558
970,5,201599
971,5,201641
972,6,124269
973,6,124229
974,6,124190
975,6,124150
976,6,124111
977,6,124071
978,6,124032
979,6,123992
980,6,123952
981,6,123913
982,6,123873
983,6,123834
984,6,123794
985,6,123754
986,6,123715
987,6,123675
988,6,123636
989,6,123596
990,6,123556
991,6,123517
992,6,123477
993,6,123438
994,6,123398
995,6,123358
996,6,123319
997,6,123279
998,6,123239
999,6,123200
1000,6,123160
1001,6,123121
1002,6,123081
1003,6,123042
1004,6,123002
1005,6,122962
1006,6,122923
1007,6,122883
1008,6,122843
1009,6,122805
1010,6,122765
1011,6,122726
1012,6,122686
1013,6,122646
1014,6,122607
1015,6,122567
1016,6,122528
1017,6,122488
1018,6,122448
1019,6,122409
1020,6,122369
1021,6,122330
1022,6,122290
1023,6,122250
1024,6,122211
1025,6,122171
1026,6,122132
1027,6,122092
1028,6,122053
1029,6,122013
1030,6,121973
1031,6,121934
1032,6,121894
1033,6,121855
1034,6,121815
1035,6,121775
1036,6,121736
1037,6,121696
1038,6,121656
1039,6,121617
1040,6,121577
1041,6,121538
1042,6,121498
1043,6,121459
1044,6,121419
1045,6,121379
1046,6,121340
1047,6,121300
1048,6,121260
1049,6,121221
1050,6,121181
1051,6,121142
1052,6,121102
1053,6,121062
1054,6,121023
1055,6,120983
1056,6,120944
1057,6,120904
1058,6,120865
1059,6,120825
1060,6,120786
1061,6,120746
1062,6,120707
1063,6,120666
1064,6,120627
1065,6,120587
1066,6,120548
1067,6,120508
1068,6,120469
1069,6,120429
1070,6,120389
1071,6,120350
1072,6,120311
1073,6,120271
1074,6,120232
1075,6,120192
1076,6,120153
1077,6,120113
1078,6,120073
1079,6,120034
1080,6,119994
1081,6,119955
1082,6,119915
1083,6,119875
1084,6,119836
1085,6,119796
1086,6,119757
1087,6,119717
1088,6,119677
1089,6,119638
1090,6,119598
1091,6,119559
1092,6,119519
1093,6,119479
1094,6,119440
1095,6,119400
1096,6,119361
1097,6,119321
1098,6,119281
1099,6,119242
1100,6,119202
1101,6,119163
1102,6,119123
1103,6,119083
1104,6,119044
1105,6,119004
1106,6,118965
1107,6,118925
1108,6,118885
1109,6,118846
1110,6,118806
1111,6,118767
1112,6,118727
1113,6,118687
1114,6,118648
1115,6,118608
1116,6,118569
1117,6,118529
1118,6,118489
1119,6,118450
1120,6,118410
1121,6,118371
1122,6,118331
1123,6,118292
1124,6,118253
1125,6,118212
1126,6,118173
1127,6,118133
1128,6,118093
1129,6,118054
1130,6,118015
1131,6,117976
1132,6,117936
1133,6,117896
1134,6,117857
1135,6,117817
1136,6,117778
1137,6,117738
1138,6,117698
1139,6,117659
1140,6,117619
1141,6,117580
1142,6,117540
1143,6,117500
1144,6,117461
1145,6,117421
1146,6,117382
1147,6,117342
1148,6,117303
1149,6,117263
1150,6,117223
1151,6,117184
1152,6,117144
1153,6,117104
1154,6,117065
1155,6,117025
1156,6,116986
1157,6,116946
1158,6,116906
1159,6,116867
1160,6,116827
1161,6,116788
1162,6,116748
1163,6,116709
1164,6,116669
1165,6,116629
1166,6,116590
1167,6,116550
1168,6,116510
1169,6,116471
1170,6,116431
1171,6,116392
1172,6,116352
1173,6,116312
1174,6,116273
1175,6,116233
1176,6,116194
1177,6,116154
1178,6,116114
1179,6,116075
1180,6,116035
1181,6,115996
1182,6,115956
1183,6,115916
1184,6,115877
1185,6,115837
1186,6,115798
1187,6,115759
1188,6,115718
1189,6,115680
1190,6,115640
1191,6,115601
1192,6,115561
1193,6,115521
1194,6,115482
1195,6,115442
1196,6,115403
1197,6,115363
1198,6,115323
1199,6,115284
1200,6,115244
1201,6,115205
1202,6,115165
1203,6,115125
1204,6,115086
1205,6,115046
1206,6,115007
1207,6,114967
1208,6,114927
1209,6,114888
1210,6,114848
1211,6,114809
1212,6,114769
1213,6,114729
1214,6,114690
1215,6,114650
1216,6,114611
1217,6,114571
1218,6,114531
1219,6,114492
1220,6,114452
1221,6,114413
1222,6,114373
1223,6,114333
1224,6,114294
1225,6,114254
1226,6,114215
1227,6,114175
1228,6,114135
1229,6,114096
1230,6,114057
1231,6,114017
1232,6,113977
1233,6,113937
1234,6,113898
1235,6,113858
1236,6,113819
1237,6,113779
1238,6,113739
1239,6,113700
1240,6,113660
1241,6,113621
1242,6,113581
1243,6,113541
1244,6,113503
1245,6,113463
1246,6,113424
1247,6,113384
1248,6,113344
1249,6,113305
1250,6,113265
1251,6,113226
1252,6,113186
1253,6,113146
1254,6,113107
1255,6,113067
1256,6,113028
1257,6,112988
1258,6,112948
1259,6,112909
1260,6,112869
1261,6,112830
1262,6,112790
1263,6,112750
1264,6,112711
1265,6,112671
1266,6,112632
1267,6,112592
1268,6,112552
1269,6,112513
1270,6,112473
1271,6,112434
1272,6,112394
1273,6,112354
1274,6,112315
1275,6,112275
1276,6,112235
1277,6,112196
1278,6,112156
1279,6,112117
1280,6,112077
1281,6,112038
1282,6,111998
1283,6,111958
1284,6,111919
1285,6,111879
1286,6,111839
1287,6,111800
1288,6,111760
1289,6,111721
1290,6,111681
1291,6,111642
1292,6,111602
1293,6,111563
1294,6,111523
1295,6,111483
1296,7,99811
1297,7,99812
1298,7,99813
1299,7,99814
1300,7,99816
1301,7,99817
1302,7,99819
1303,7,99819
1304,7,99820
1305,7,99822
1306,7,99823
1307,7,99825
1308,7,99825
1309,7,99826
1310,7,99828
1311,7,99829
1312,7,99831
1313,7,99831
1314,7,99832
1315,7,99834
1316,7,99835
1317,7,99837
1318,7,99837
1319,7,99838
1320,7,99840
1321,7,99841
1322,7,99842
1323,7,99843
1324,7,99844
1325,7,99846
1326,7,99847
1327,7,99849
1328,7,99849
1329,7,99850
1330,7,99852
1331,7,99853
1332,7,99854
1333,7,99855
1334,7,99856
1335,7,99858
1336,7,99859
1337,7,99860
1338,7,99861
1339,7,99862
1340,7,99864
1341,7,99865
1342,7,99866
1343,7,99867
1344,7,99868
1345,7,99870
1346,7,99871
1347,7,99872
1348,7,99873
1349,7,99874
1350,7,99876
1351,7,99877
1352,7,99879
1353,7,99879
1354,7,99880
1355,7,99882
1356,7,99883
1357,7,99885
1358,7,99885
1359,7,99886
1360,7,99888
1361,7,99889
1362,7,99890
1363,7,99891
1364,7,99892
1365,7,99894
1366,7,99895
1367,7,99897
1368,7,99897
1369,7,99898
1370,7,99900
1371,7,99901
1372,7,99902
1373,7,99903
1374,7,99904
1375,7,99906
1376,7,99907
1377,7,99908
1378,7,99909
1379,7,99910
1380,7,99912
1381,7,99913
1382,7,99914
1383,7,99915
1384,7,99916
1385,7,99918
1386,7,99919
1387,7,99920
1388,7,99921
1389,7,99922
1390,7,99924
1391,7,99925
1392,7,99927
1393,7,99927
1394,7,99928
1395,7,99930
1396,7,99931
1397,7,99932
1398,7,99933
1399,7,99934
1400,7,99936
1401,7,99937
1402,7,99938
1403,7,99939
1404,7,99940
1405,7,99942
1406,7,99943
1407,7,99944
1408,7,99945
1409,7,99946
1410,7,99948
1411,7,99949
1412,7,99949
1413,7,99951
1414,7,99952
1415,7,99954
1416,7,99955
1417,7,99955
1418,7,99957
1419,7,99958
1420,7,99960
1421,7,99961
1422,7,99961
1423,7,99963
1424,7,99964
1425,7,99966
1426,7,99967
1427,7,99968
1428,7,99969
1429,7,99970
1430,7,99972
1431,7,99973
1432,7,99973
1433,7,99975
1434,7,99976
1435,7,99978
1436,7,99979
1437,7,99979
1438,7,99981
1439,7,99982
1440,7,99984
1441,7,99985
1442,7,99985
1443,7,99987
1444,7,99988
1445,7,99990
1446,7,99991
1447,7,99992
1448,7,99993
1449,7,99994
1450,7,99996
1451,7,99997
1452,7,99998
1453,7,99999
1454,7,100000
1455,7,100002
1456,7,100003
1457,7,100003
1458,7,100005
1459,7,100006
1460,7,100008
1461,7,100009
1462,7,100009
1463,7,100011
1464,7,100012
1465,7,100014
1466,7,100015
1467,7,100015
1468,7,100017
1469,7,100018
1470,7,100020
1471,7,100021
1472,7,100022
1473,7,100023
1474,7,100024
1475,7,100026
1476,7,100027
1477,7,100027
1478,7,100029
1479,7,100030
1480,7,100032
1481,7,100033
1482,7,100033
1483,7,100035
1484,7,100036
1485,7,100038
1486,7,100039
1487,7,100040
1488,7,100041
1489,7,100042
1490,7,100044
1491,7,100045
1492,7,100045
1493,7,100047
1494,7,100048
1495,7,100050
1496,7,100051
1497,7,100051
1498,7,100053
1499,7,100054
1500,7,100056
1501,7,100057
1502,7,100057
1503,7,100059
1504,7,100060
1505,7,100062
1506,7,100063
1507,7,100063
1508,7,100065
1509,7,100066
1510,7,100068
1511,7,100069
1512,7,100069
1513,7,100071
1514,7,100072
1515,7,100074
1516,7,100075
1517,7,100075
1518,7,100077
1519,7,100078
1520,7,100080
1521,7,100081
1522,7,100081
1523,7,100083
1524,7,100084
1525,7,100086
1526,7,100086
1527,7,100087
1528,7,100089
1529,7,100090
1530,7,100092
1531,7,100093
1532,7,100093
1533,7,100095
1534,7,100096
1535,7,100098
1536,7,100099
1537,7,100099
1538,7,100101
1539,7,100102
1540,7,100104
1541,7,100105
1542,7,100105
1543,7,100107
1544,7,100108
1545,7,100110
1546,7,100111
1547,7,100111
1548,7,100113
1549,7,100114
1550,7,100116
1551,7,100116
1552,7,100117
1553,7,100119
1554,7,100120
1555,7,100122
1556,7,100123
1557,7,100123
1558,7,100125
1559,7,100126
1560,7,100128
1561,7,100129
1562,7,100129
1563,7,100131
1564,7,100132
1565,7,100134
1566,7,100134
1567,7,100135
1568,7,100137
1569,7,100138
1570,7,100140
1571,7,100140
1572,7,100141
1573,7,100143
1574,7,100144
1575,7,100146
1576,7,100147
1577,7,100147
1578,7,100149
1579,7,100150
1580,7,100152
1581,7,100153
1582,7,100153
1583,7,100155
1584,7,100156
1585,7,100158
1586,7,100158
1587,7,100159
1588,7,100161
1589,7,100162
1590,7,100164
1591,7,100164
1592,7,100165
1593,7,100167
1594,7,100168
1595,7,100170
1596,7,100171
1597,7,100171
1598,7,100173
1599,7,100174
1600,7,100175
1601,7,100177
1602,7,100177
1603,7,100179
1604,7,100180
1605,7,100182
1606,7,100182
1607,7,100183
1608,7,100185
1609,7,100186
1610,7,100187
1611,7,100188
1612,7,100189
1613,7,100191
1614,7,100192
1615,7,100194
1616,7,100194
1617,7,100195
1618,7,100197
1619,7,100198
1620,8,271719
1621,8,271719
1622,8,271720
1623,8,271720
1624,8,271721
1625,8,271722
1626,8,271723
1627,8,271723
1628,8,271723
1629,8,271724
1630,8,271724
1631,8,271725
1632,8,271725
1633,8,271725
1634,8,271726
1635,8,271726
1636,8,271727
1637,8,271727
1638,8,271727
1639,8,271729
1640,8,271729
1641,8,271730
1642,8,271730
1643,8,271730
1644,8,271731
1645,8,271731
1646,8,271731
1647,8,271732
1648,8,271732
1649,8,271733
1650,8,271733
1651,8,271734
1652,8,271734
1653,8,271734
1654,8,271735
1655,8,271736
1656,8,271736
1657,8,271737
1658,8,271737
1659,8,271738
1660,8,271738
1661,8,271738
1662,8,271739
1663,8,271739
1664,8,271740
1665,8,271740
1666,8,271740
1667,8,271741
1668,8,271741
1669,8,271742
1670,8,271742
1671,8,271743
1672,8,271744
1673,8,271744
1674,8,271745
1675,8,271745
1676,8,271746
1677,8,271746
1678,8,271746
1679,8,271747
1680,8,271747
1681,8,271748
1682,8,271748
1683,8,271748
1684,8,271749
1685,8,271749
1686,8,271750
1687,8,271751
1688,8,271751
1689,8,271752
1690,8,271752
1691,8,271753
1692,8,271753
1693,8,271753
1694,8,271754
1695,8,271754
1696,8,271754
1697,8,271755
1698,8,271755
1699,8,271756
1700,8,271756
1701,8,271757
1702,8,271758
1703,8,271758
1704,8,271759
1705,8,271759
1706,8,271759
1707,8,271760
1708,8,271760
1709,8,271761
1710,8,271761
1711,8,271761
1712,8,271762
1713,8,271762
1714,8,271763
1715,8,271763
1716,8,271765
1717,8,271765
1718,8,271765
1719,8,271766
1720,8,271766
1721,8,271766
1722,8,271767
1723,8,271767
1724,8,271768
1725,8,271768
1726,8,271768
1727,8,271769
1728,8,271769
1729,8,271770
1730,8,271770
1731,8,271770
1732,8,271771
1733,8,271771
1734,8,271773
1735,8,271773
1736,8,271773
1737,8,271774
1738,8,271774
1739,8,271775
1740,8,271775
1741,8,271775
1742,8,271776
1743,8,271776
1744,8,271777
1745,8,271777
1746,8,271777
1747,8,271778
1748,8,271779
1749,8,271780
1750,8,271780
1751,8,271780
1752,8,271781
1753,8,271781
1754,8,271782
1755,8,271782
1756,8,271782
1757,8,271783
1758,8,271783
1759,8,271784
1760,8,271784
1761,8,271784
1762,8,271785
1763,8,271785
1764,8,271787
1765,8,271787
1766,8,271787
1767,8,271788
1768,8,271788
1769,8,271789
1770,8,271789
1771,8,271790
1772,8,271790
1773,8,271790
1774,8,271791
1775,8,271791
1776,8,271791
1777,8,271792
1778,8,271792
1779,8,271793
1780,8,271794
1781,8,271794
1782,8,271795
1783,8,271795
1784,8,271796
1785,8,271796
1786,8,271796
1787,8,271797
1788,8,271797
1789,8,271798
1790,8,271798
1791,8,271798
1792,8,271799
1793,8,271799
1794,8,271800
1795,8,271800
1796,8,271802
1797,8,271802
1798,8,271802
1799,8,271803
1800,8,271803
1801,8,271803
1802,8,271804
1803,8,271804
1804,8,271805
1805,8,271805
1806,8,271805
1807,8,271806
1808,8,271806
1809,8,271807
1810,8,271807
1811,8,271808
1812,8,271809
1813,8,271809
1814,8,271810
1815,8,271810
1816,8,271810
1817,8,271811
1818,8,271811
1819,8,271812
1820,8,271812
1821,8,271812
1822,8,271813
1823,8,271813
1824,8,271814
1825,8,271814
1826,8,271814
1827,8,271816
1828,8,271816
1829,8,271817
1830,8,271817
1831,8,271817
1832,8,271818
1833,8,271818
1834,8,271819
1835,8,271819
1836,8,271819
1837,8,271820
1838,8,271820
1839,8,271821
1840,8,271821
1841,8,271821
1842,8,271822
1843,8,271823
1844,8,271824
1845,8,271824
1846,8,271824
1847,8,271825
1848,8,271825
1849,8,271826
1850,8,271826
1851,8,271826
1852,8,271827
1853,8,271827
1854,8,271828
1855,8,271828
1856,8,271828
1857,8,271829
1858,8,271829
1859,8,271831
1860,8,271831
1861,8,271831
1862,8,271832
1863,8,271832
1864,8,271833
1865,8,271833
1866,8,271833
1867,8,271834
1868,8,271834
1869,8,271835
1870,8,271835
1871,8,271835
1872,8,271836
1873,8,271836
1874,8,271837
1875,8,271838
1876,8,271838
1877,8,271839
1878,8,271839
1879,8,271840
1880,8,271840
1881,8,271840
1882,8,271841
1883,8,271841
1884,8,271842
1885,8,271842
1886,8,271842
1887,8,271843
1888,8,271843
1889,8,271844
1890,8,271844
1891,8,271845
1892,8,271846
1893,8,271846
1894,8,271847
1895,8,271847
1896,8,271847
1897,8,271848
1898,8,271848
1899,8,271849
1900,8,271849
1901,8,271849
1902,8,271850
1903,8,271850
1904,8,271851
1905,8,271852
1906,8,271852
1907,8,271853
1908,8,271853
1909,8,271854
1910,8,271854
1911,8,271854
1912,8,271855
1913,8,271855
1914,8,271856
1915,8,271856
1916,8,271856
1917,8,271857
1918,8,271857
1919,8,271858
1920,8,271858
1921,8,271858
1922,8,271860
1923,8,271860
1924,8,271860
1925,8,271861
1926,8,271861
1927,8,271862
1928,8,271862
1929,8,271863
1930,8,271863
1931,8,271863
1932,8,271864
1933,8,271864
1934,8,271864
1935,8,271865
1936,8,271865
1937,8,271867
1938,8,271867
1939,8,271868
1940,8,271868
1941,8,271868
1942,8,271869
1943,9,154836
1944,9,154836
1945,9,154838
1946,9,154839
1947,9,154841
1948,9,154842
1949,9,154843
1950,9,154844
1951,9,154845
1952,9,154847
1953,9,154848
1954,9,154850
1955,9,154850
1956,9,154851
1957,9,154853
1958,9,154814
1959,9,154816
1960,9,154816
1961,9,154817
1962,9,154819
1963,9,154820
1964,9,154782
1965,9,154783
1966,9,154783
1967,9,154785
1968,9,154786
1969,9,154787
1970,9,154789
1971,9,154789
1972,9,154791
1973,9,154792
1974,9,154794
1975,9,154795
1976,9,154796
1977,9,154797
1978,9,154798
1979,9,154799
1980,9,154801
1981,9,154802
1982,9,154803
1983,9,154804
1984,9,154805
1985,9,154807
1986,9,154768
1987,9,154769
1988,9,154770
1989,9,154771
1990,9,154773
1991,9,154774
1992,9,154776
1993,9,154776
1994,9,154777
1995,9,154739
1996,9,154740
1997,9,154742
1998,9,154703
1999,9,154704
2000,9,154705
2001,9,154706
2002,9,154708
2003,9,154709
2004,9,154710
2005,9,154671
2006,9,154672
2007,9,154634
2008,9,154635
2009,9,154636
2010,9,154597
2011,9,154598
2012,9,154560
2013,9,154561
2014,9,154563
2015,9,154563
2016,9,154564
2017,9,154526
2018,9,154487
2019,9,154488
2020,9,154490
2021,9,154490
2022,9,154492
2023,9,154453
2024,9,154414
2025,9,154416
2026,9,154416
2027,9,154418
2028,9,154419
2029,9,154420
2030,9,154382
2031,9,154342
2032,9,154344
2033,9,154345
2034,9,154306
2035,9,154308
2036,9,154309
2037,9,154310
2038,9,154311
2039,9,154313
2040,9,154314
2041,9,154315
2042,9,154316
2043,9,154317
2044,9,154318
2045,9,154320
2046,9,154281
2047,9,154243
2048,9,154243
2049,9,154244
2050,9,154246
2051,9,154247
2052,9,154249
2053,9,154249
2054,9,154250
2055,9,154252
2056,9,154253
2057,9,154215
2058,9,154216
2059,9,154216
2060,9,154218
2061,9,154219
2062,9,154221
2063,9,154222
2064,9,154222
2065,9,154224
2066,9,154225
2067,9,154227
2068,9,154228
2069,9,154229
2070,9,154230
2071,9,154231
2072,9,154193
2073,9,154194
2074,9,154195
2075,9,154196
2076,9,154197
2077,9,154199
2078,9,154200
2079,9,154201
2080,9,154202
2081,9,154203
2082,9,154205
2083,9,154206
2084,9,154207
2085,9,154209
2086,9,154209
2087,9,154211
2088,9,154172
2089,9,154173
2090,9,154175
2091,9,154176
2092,9,154177
2093,9,154178
2094,9,154180
2095,9,154181
2096,9,154182
2097,9,154183
2098,9,154184
2099,9,154185
2100,9,154187
2101,9,154188
2102,9,154189
2103,9,154190
2104,9,154191
2105,9,154193
2106,9,154194
2107,9,154156
2108,9,154156
2109,9,154157
2110,9,154159
2111,9,154120
2112,9,154082
2113,9,154082
2114,9,154083
2115,9,154085
2116,9,154086
2117,9,154088
2118,9,154088
2119,9,154090
2120,9,154091
2121,9,154092
2122,9,154094
2123,9,154095
2124,9,154095
2125,9,154097
2126,9,154098
2127,9,154100
2128,9,154061
2129,9,154062
2130,9,154063
2131,9,154064
2132,9,154066
2133,9,154067
2134,9,154069
2135,9,154069
2136,9,154030
2137,9,154032
2138,9,154033
2139,9,154034
2140,9,154036
2141,9,154036
2142,9,154038
2143,9,154039
2144,9,154040
2145,9,154042
2146,9,154002
2147,9,154004
2148,9,154005
2149,9,154006
2150,9,154008
2151,9,154009
2152,9,154010
2153,9,154011
2154,9,154012
2155,9,154014
2156,9,154015
2157,9,153976
2158,9,153977
2159,9,153978
2160,9,153980
2161,9,153981
2162,9,153983
2163,9,153983
2164,9,153944
2165,9,153946
2166,9,153907
2167,9,153909
2168,9,153909
2169,9,153910
2170,9,153912
2171,9,153913
2172,9,153915
2173,9,153916
2174,9,153916
2175,9,153918
2176,9,153919
2177,9,153921
2178,9,153922
2179,9,153922
2180,9,153924
2181,9,153925
2182,9,153927
2183,9,153928
2184,9,153928
2185,9,153930
2186,9,153931
2187,9,153933
2188,9,153934
2189,9,153895
2190,9,153896
2191,9,153897
2192,9,153899
2193,9,153900
2194,9,153901
2195,9,153863
2196,9,153863
2197,9,153865
2198,9,153866
2199,9,153867
2200,9,153869
2201,9,153869
2202,9,153871
2203,9,153872
2204,9,153873
2205,9,153875
2206,9,153835
2207,9,153837
2208,9,153838
2209,9,153839
2210,9,153841
2211,9,153842
2212,9,153843
2213,9,153844
2214,9,153845
2215,9,153847
2216,9,153848
2217,9,153849
2218,9,153850
2219,9,153851
2220,9,153853
2221,9,153854
2222,9,153856
2223,9,153856
2224,9,153857
2225,9,153859
2226,9,153860
2227,9,153862
2228,9,153862
2229,9,153863
2230,9,153865
2231,9,153866
2232,9,153868
2233,9,153869
2234,9,153869
2235,9,153871
2236,9,153872
2237,9,153874
2238,9,153875
2239,9,153875
2240,9,153877
2241,9,153878
2242,9,153880
2243,9,153881
2244,9,153882
2245,9,153883
2246,9,153884
2247,9,153885
2248,9,153887
2249,9,153888
2250,9,153889
2251,9,153890
2252,9,153812
2253,9,153813
2254,9,153814
2255,9,153816
2256,9,153776
2257,9,153777
2258,9,153779
2259,9,153780
2260,9,153782
2261,9,153783
2262,9,153784
2263,9,153785
2264,9,153786
2265,9,153788
2266,9,153789
2267,10,213385
2268,10,213465
2269,10,213547
2270,10,213627
2271,10,213708
2272,10,213788
2273,10,213870
2274,10,213950
2275,10,214030
2276,10,214111
2277,10,214192
2278,10,214273
2279,10,214353
2280,10,214433
2281,10,214515
2282,10,214595
2283,10,214676
2284,10,214756
2285,10,214837
2286,10,214918
2287,10,214998
2288,10,215079
2289,10,215160
2290,10,215240
2291,10,215321
2292,10,215401
2293,10,215481
2294,10,215563
2295,10,215643
2296,10,215724
2297,10,215805
2298,10,215886
2299,10,215966
2300,10,216046
2301,10,216127
2302,10,216208
2303,10,216288
2304,10,216369
2305,10,216450
2306,10,216531
2307,10,216611
2308,10,216691
2309,10,216772
2310,10,216853
2311,10,216934
2312,10,217014
2313,10,217094
2314,10,217176
2315,10,217256
2316,10,217337
2317,10,217417
2318,10,217498
2319,10,217579
2320,10,217659
2321,10,217740
2322,10,217821
2323,10,217902
2324,10,217982
2325,10,218062
2326,10,218144
2327,10,218224
2328,10,218305
2329,10,218385
2330,10,218466
2331,10,218547
2332,10,218627
2333,10,218707
2334,10,218789
2335,10,218869
2336,10,218950
2337,10,219030
2338,10,219112
2339,10,219192
2340,10,219272
2341,10,219353
2342,10,219434
2343,10,219514
2344,10,219595
2345,10,219675
2346,10,219757
2347,10,219837
2348,10,219917
2349,10,219998
2350,10,220078
2351,10,220160
2352,10,220240
2353,10,220320
2354,10,220401
2355,10,220482
2356,10,220563
2357,10,220643
2358,10,220723
2359,10,220805
2360,10,220885
2361,10,220966
2362,10,221046
2363,10,221128
2364,10,221208
2365,10,221288
2366,10,221369
2367,10,221450
2368,10,221530
2369,10,221611
2370,10,221691
2371,10,221773
2372,10,221853
2373,10,221933
2374,10,222014
2375,10,222094
2376,10,222176
2377,10,222256
2378,10,222336
2379,10,222417
2380,10,222498
2381,10,222579
2382,10,222659
2383,10,222739
2384,10,222821
2385,10,222901
2386,10,222982
2387,10,223062
2388,10,223143
2389,10,223224
2390,10,223304
2391,10,223385
2392,10,223466
2393,10,223546
2394,10,223627
2395,10,223707
2396,10,223789
2397,10,223869
2398,10,223949
2399,10,224030
2400,10,224111
2401,10,224192
2402,10,224272
2403,10,224352
2404,10,224434
2405,10,224514
2406,10,224595
2407,10,224675
2408,10,224756
2409,10,224837
2410,10,224917
2411,10,224998
2412,10,225079
2413,10,225159
2414,10,225240
2415,10,225320
2416,10,225401
2417,10,225482
2418,10,225563
2419,10,225643
2420,10,225724
2421,10,225805
2422,10,225885
2423,10,225965
2424,10,226046
2425,10,226127
2426,10,226208
2427,10,226288
2428,10,226368
2429,10,226450
2430,10,226530
2431,10,226611
2432,10,226691
2433,10,226772
2434,10,226853
2435,10,226933
2436,10,227014
2437,10,227095
2438,10,227175
2439,10,227256
2440,10,227336
2441,10,227418
2442,10,227498
2443,10,227579
2444,10,227659
2445,10,227740
2446,10,227821
2447,10,227901
2448,10,227981
2449,10,228063
2450,10,228143
2451,10,228224
2452,10,228304
2453,10,228384
2454,10,228466
2455,10,228546
2456,10,228627
2457,10,228708
2458,10,228789
2459,10,228869
2460,10,228949
2461,10,229030
2462,10,229111
2463,10,229191
2464,10,229272
2465,10,229352
2466,10,229434
2467,10,229514
2468,10,229594
2469,10,229675
2470,10,229756
2471,10,229837
2472,10,229917
2473,10,229997
2474,10,230079
2475,10,230159
2476,10,230240
2477,10,230320
2478,10,230401
2479,10,230482
2480,10,230562
2481,10,230643
2482,10,230724
2483,10,230804
2484,10,230885
2485,10,230965
2486,10,231046
2487,10,231127
2488,10,231207
2489,10,231288
2490,10,231368
2491,10,231450
2492,10,231530
2493,10,231610
2494,10,231692
2495,10,231772
2496,10,231853
2497,10,231933
2498,10,232013
2499,10,232095
2500,10,232175
2501,10,232256
2502,10,232336
2503,10,232417
2504,10,232498
2505,10,232578
2506,10,232659
2507,10,232740
2508,10,232820
2509,10,232901
2510,10,232981
2511,10,233063
2512,10,233143
2513,10,233223
2514,10,233304
2515,10,233385
2516,10,233466
2517,10,233546
2518,10,233626
2519,10,233708
2520,10,233788
2521,10,233869
2522,10,233949
2523,10,234030
2524,10,234111
2525,10,234191
2526,10,234272
2527,10,234353
2528,10,234433
2529,10,234514
2530,10,234594
2531,10,234676
2532,10,234756
2533,10,234836
2534,10,234917
2535,10,234997
2536,10,235079
2537,10,235159
2538,10,235239
2539,10,235321
2540,10,235401
2541,10,235482
2542,10,235562
2543,10,235643
2544,10,235724
2545,10,235804
2546,10,235885
2547,10,235965
2548,10,236046
2549,10,236127
2550,10,236207
2551,10,236289
2552,10,236369
2553,10,236449
2554,11,221810
2555,11,221891
2556,11,221973
2557,11,222054
2558,11,222136
2559,11,222216
2560,11,222298
2561,11,222380
2562,11,222460
2563,11,222542
2564,11,222623
2565,11,222705
2566,11,222786
2567,11,222867
2568,11,222949
2569,11,223030
2570,11,223112
2571,11,223193
2572,11,223273
2573,11,223355
2574,11,223436
2575,11,223518
2576,11,223599
2577,11,223680
2578,11,223762
2579,11,223843
2580,11,223924
2581,11,224006
2582,11,224086
2583,11,224168
2584,11,224250
2585,11,224331
2586,11,224412
2587,11,224493
2588,11,224575
2589,11,224656
2590,11,224737
2591,11,224819
2592,11,224900
2593,11,224981
2594,11,225062
2595,11,225143
2596,11,225225
2597,11,225306
2598,11,225388
2599,11,225469
2600,11,225550
2601,11,225632
2602,11,225712
2603,11,225795
2604,11,225875
2605,11,225956
2606,11,226038
2607,11,226119
2608,11,226201
2609,11,226282
2610,11,226364
2611,11,226445
2612,11,226525
2613,11,226608
2614,11,226688
2615,11,226770
2616,11,226851
2617,11,226932
2618,11,227014
2619,11,227095
2620,11,227176
2621,11,227258
2622,11,227338
2623,11,227421
2624,11,227501
2625,11,227583
2626,11,227664
2627,11,227745
2628,11,227827
2629,11,227908
2630,11,227989
2631,11,228071
2632,11,228152
2633,11,228234
2634,11,228314
2635,11,228395
2636,11,228477
2637,11,228558
2638,11,228640
2639,11,228721
2640,11,228802
2641,11,228884
2642,11,228965
2643,11,229047
2644,11,229128
2645,11,229208
2646,11,229290
2647,11,229371
2648,11,229453
2649,11,229534
2650,11,229616
2651,11,229697
2652,11,229778
2653,11,229860
2654,11,229941
2655,11,230021
2656,11,230103
2657,11,230184
2658,11,230266
2659,11,230348
2660,11,230428
2661,11,230510
2662,11,230591
2663,11,230673
2664,11,230754
2665,11,230834
2666,11,230916
2667,11,230997
2668,11,231079
2669,11,231160
2670,11,231241
2671,11,231323
2672,11,231404
2673,11,231486
2674,11,231567
2675,11,231647
2676,11,231729
2677,11,231811
2678,11,231892
2679,11,231973
2680,11,232054
2681,11,232136
2682,11,232217
2683,11,232299
2684,11,232379
2685,11,232460
2686,11,232542
2687,11,232623
2688,11,232705
2689,11,232786
2690,11,232867
2691,11,232949
2692,11,233030
2693,11,233112
2694,11,233193
2695,11,233274
2696,11,233356
2697,11,233436
2698,11,233518
2699,11,233599
2700,11,233680
2701,11,233762
2702,11,233843
2703,11,233925
2704,11,234006
2705,11,234088
2706,11,234168
2707,11,234249
2708,11,234331
2709,11,234412
2710,11,234493
2711,11,234575
2712,11,234656
2713,11,234738
2714,11,234819
2715,11,234900
2716,11,234982
2717,11,235062
2718,11,235145
2719,11,235225
2720,11,235306
2721,11,235388
2722,11,235469
2723,11,235551
2724,11,235632
2725,11,235713
2726,11,235795
2727,11,235876
2728,11,235957
2729,11,236038
2730,11,236120
2731,11,236201
2732,11,236282
2733,11,236364
2734,11,236445
2735,11,236526
2736,11,236608
2737,11,236689
2738,11,236771
2739,11,236852
2740,11,236932
2741,11,237014
2742,11,237095
2743,11,237177
2744,11,237258
2745,11,237340
2746,11,237421
2747,11,237502
2748,11,237583
2749,11,237664
2750,11,237745
2751,11,237827
2752,11,237908
2753,11,237990
2754,11,238071
2755,11,238152
2756,11,238234
2757,11,238315
2758,11,238397
2759,11,238477
2760,11,238559
2761,11,238640
2762,11,238721
2763,11,238803
2764,11,238884
2765,11,238965
2766,11,239047
2767,11,239128
2768,11,239210
2769,11,239290
2770,11,239371
2771,11,239453
2772,11,239534
2773,11,239616
2774,11,239697
2775,11,239778
2776,11,239860
2777,11,239941
2778,11,240023
2779,11,240103
2780,11,240184
2781,11,240267
2782,11,240347
2783,11,240429
2784,11,240510
2785,11,240591
2786,11,240673
2787,11,240754
2788,11,240836
2789,11,240917
2790,11,240997
2791,11,241079
2792,11,241161
2793,11,241242
2794,11,241323
2795,11,241404
2796,11,241486
2797,11,241567
2798,11,241649
2799,11,241730
2800,11,241811
2801,11,241892
2802,11,241974
2803,11,242056
2804,11,242136
2805,11,242217
2806,11,242299
2807,11,242380
2808,11,242462
2809,11,242543
2810,11,242624
2811,11,242706
2812,11,242787
2813,11,242869
2814,11,242950
2815,11,243030
2816,11,243113
2817,11,243193
2818,11,243275
2819,11,243356
2820,11,243437
2821,11,243519
2822,11,243600
2823,11,243682
2824,11,243763
2825,11,243843
2826,11,243926
2827,11,244006
2828,11,244088
2829,11,244169
2830,11,244250
2831,11,244332
2832,11,244413
2833,11,244494
2834,11,244575
2835,11,244656
2836,11,244738
2837,11,244819
2838,11,244901
2839,11,244982
2840,11,245063
2841,11,245145
2842,11,245226
2843,11,245307
2844,11,245388
2845,11,245469
2846,11,245551
2847,11,245632
2848,11,245714
2849,11,245795
2850,11,245876
2851,11,245958
2852,11,246039
2853,11,246120
2854,11,246201
2855,11,246282
2856,11,246364
2857,11,246445
2858,11,246526
2859,11,246608
2860,11,246689
2861,11,246771
2862,11,246852
2863,11,246934
2864,11,247015
2865,11,247096
2866,11,247177
2867,11,247258
2868,11,247339
2869,11,247421
2870,11,247502
2871,11,247584
2872,11,247665
2873,11,247747
2874,11,247828
2875,11,247908
2876,11,247990
2877,12,249233
2878,12,249233
2879,12,249235
2880,12,249236
2881,12,249237
2882,12,249238
2883,12,249240
2884,12,249240
2885,12,249241
2886,12,249243
2887,12,249244
2888,12,249245
2889,12,249246
2890,12,249247
2891,12,249249
2892,12,249249
2893,12,249251
2894,12,249252
2895,12,249252
2896,12,249254
2897,12,249255
2898,12,249256
2899,12,249257
2900,12,249258
2901,12,249260
2902,12,249260
2903,12,249261
2904,12,249263
2905,12,249263
2906,12,249265
2907,12,249266
2908,12,249268
2909,12,249268
2910,12,249269
2911,12,249271
2912,12,249271
2913,12,249272
2914,12,249274
2915,12,249274
2916,12,249276
2917,12,249277
2918,12,249278
2919,12,249279
2920,12,249280
2921,12,249282
2922,12,249282
2923,12,249283
2924,12,249285
2925,12,249286
2926,12,249287
2927,12,249288
2928,12,249289
2929,12,249291
2930,12,249291
2931,12,249293
2932,12,249294
2933,12,249295
2934,12,249296
2935,12,249297
2936,12,249299
2937,12,249299
2938,12,249301
2939,12,249302
2940,12,249302
2941,12,249304
2942,12,249305
2943,12,249305
2944,12,249307
2945,12,249308
2946,12,249310
2947,12,249310
2948,12,249312
2949,12,249313
2950,12,249313
2951,12,249315
2952,12,249316
2953,12,249317
2954,12,249318
2955,12,249319
2956,12,249321
2957,12,249321
2958,12,249322
2959,12,249324
2960,12,249325
2961,12,249326
2962,12,249327
2963,12,249328
2964,12,249329
2965,12,249330
2966,12,249332
2967,12,249332
2968,12,249333
2969,12,249335
2970,12,249336
2971,12,249337
2972,12,249338
2973,12,249340
2974,12,249341
2975,12,249341
2976,12,249343
2977,12,249344
2978,12,249344
2979,12,249346
2980,12,249347
2981,12,249348
2982,12,249349
2983,12,249350
2984,12,249352
2985,12,249352
2986,12,249354
2987,12,249355
2988,12,249355
2989,12,249357
2990,12,249358
2991,12,249360
2992,12,249360
2993,12,249361
2994,12,249363
2995,12,249363
2996,12,249365
2997,12,249366
2998,12,249366
2999,12,249368
3000,12,249369
3001,12,249371
3002,12,249371
3003,12,249372
3004,12,249374
3005,12,249374
3006,12,249376
3007,12,249377
3008,12,249378
3009,12,249379
3010,12,249380
3011,12,249382
3012,12,249382
3013,12,249383
3014,12,249385
3015,12,249386
3016,12,249387
3017,12,249388
3018,12,249389
3019,12,249390
3020,12,249391
3021,12,249393
3022,12,249394
3023,12,249394
3024,12,249396
3025,12,249397
3026,12,249398
3027,12,249399
3028,12,249401
3029,12,249401
3030,12,249402
3031,12,249404
3032,12,249405
3033,12,249405
3034,12,249407
3035,12,249408
3036,12,249409
3037,12,249410
3038,12,249411
3039,12,249413
3040,12,249413
3041,12,249415
3042,12,249416
3043,12,249416
3044,12,249418
3045,12,249419
3046,12,249421
3047,12,249421
3048,12,249422
3049,12,249424
3050,12,249424
3051,12,249426
3052,12,249427
3053,12,249429
3054,12,249429
3055,12,249430
3056,12,249432
3057,12,249432
3058,12,249433
3059,12,249435
3060,12,249435
3061,12,249437
3062,12,249438
3063,12,249439
3064,12,249440
3065,12,249441
3066,12,249443
3067,12,249443
3068,12,249445
3069,12,249446
3070,12,249447
3071,12,249448
3072,12,249449
3073,12,249450
3074,12,249451
3075,12,249452
3076,12,249454
3077,12,249455
3078,12,249455
3079,12,249457
3080,12,249458
3081,12,249459
3082,12,249460
3083,12,249461
3084,12,249463
3085,12,249463
3086,12,249465
3087,12,249466
3088,12,249466
3089,12,249468
3090,12,249469
3091,12,249471
3092,12,249471
3093,12,249472
3094,12,249474
3095,12,249474
3096,12,249476
3097,12,249477
3098,12,249477
3099,12,249479
3100,12,249480
3101,12,249482
3102,12,249482
3103,12,249483
3104,12,249485
3105,12,249486
3106,12,249487
3107,12,249488
3108,12,249489
3109,12,249490
3110,12,249491
3111,12,249493
3112,12,249493
3113,12,249494
3114,12,249496
3115,12,249497
3116,12,249498
3117,12,249499
3118,12,249500
3119,12,249501
3120,12,249502
3121,12,249504
3122,12,249505
3123,12,249505
3124,12,249507
3125,12,249508
3126,12,249509
3127,12,249510
3128,12,249511
3129,12,249513
3130,12,249513
3131,12,249515
3132,12,249516
3133,12,249516
3134,12,249518
3135,12,249519
3136,12,249521
3137,12,249521
3138,12,249522
3139,12,249524
3140,12,249524
3141,12,249526
3142,12,249527
3143,12,249527
3144,12,249529
3145,12,249530
3146,12,249532
3147,12,249532
3148,12,249533
3149,12,249535
3150,12,249535
3151,12,249537
3152,12,249538
3153,12,249539
3154,12,249540
3155,12,249541
3156,12,249543
3157,12,249543
3158,12,249544
3159,12,249546
3160,12,249547
3161,12,249548
3162,12,249549
3163,12,249550
3164,13,23929
3165,13,23888
3166,13,23849
3167,13,23808
3168,13,23768
3169,13,23728
3170,13,23688
3171,13,23647
3172,13,23607
3173,13,23567
3174,13,23526
3175,13,23486
3176,13,23446
3177,13,23405
3178,13,23365
3179,13,23325
3180,13,23285
3181,13,23244
3182,13,23204
3183,13,23164
3184,13,23123
3185,13,23084
3186,13,23043
3187,13,23002
3188,13,22963
3189,13,22922
3190,13,22881
3191,13,22842
3192,13,22801
3193,13,22761
3194,13,22720
3195,13,22681
3196,13,22640
3197,13,22599
3198,13,22560
3199,13,22519
3200,13,22478
3201,13,22439
3202,13,22398
3203,13,22358
3204,13,22318
3205,13,22277
3206,13,22237
3207,13,22196
3208,13,22157
3209,13,22116
3210,13,22075
3211,13,22036
3212,13,21995
3213,13,21915
3214,13,21875
3215,13,21834
3216,13,21794
3217,13,21754
3218,13,21714
3219,13,21673
3220,13,21633
3221,13,21593
3222,13,21552
3223,13,21512
3224,13,21472
3225,13,21432
3226,13,21391
3227,13,21351
3228,13,21311
3229,13,21270
3230,13,21230
3231,13,21190
3232,13,21149
3233,13,21109
3234,13,21069
3235,13,21029
3236,13,20988
3237,13,20948
3238,13,20908
3239,13,20867
3240,13,20827
3241,13,20787
3242,13,20746
3243,13,20707
3244,13,20666
3245,13,20625
3246,13,20586
3247,13,20545
3248,13,20505
3249,13,20465
3250,13,20424
3251,13,20384
3252,13,20343
3253,13,20304
3254,13,20263
3255,13,20222
3256,13,20183
3257,13,20142
3258,13,20102
3259,13,20062
3260,13,20022
3261,13,19981
3262,13,19940
3263,13,19901
3264,13,19860
3265,13,19819
3266,13,19780
3267,13,19739
3268,13,19699
3269,13,19659
3270,13,19618
3271,13,19578
3272,13,19538
3273,13,19498
3274,13,19457
3275,13,19416
3276,13,19377
3277,13,19336
3278,13,19296
3279,13,19256
3280,13,19215
3281,13,19175
3282,13,19135
3283,13,19095
3284,13,19054
3285,13,19014
3286,13,18974
3287,13,18933
3288,13,18893
3289,13,18853
3290,13,18812
3291,13,18772
3292,13,18732
3293,13,18652
3294,13,18611
3295,13,18571
3296,13,18531
3297,13,18490
3298,13,18451
3299,13,18410
3300,13,18369
3301,13,18330
3302,13,18289
3303,13,18249
3304,13,18208
3305,13,18168
3306,13,18128
3307,13,18087
3308,13,18048
3309,13,18007
3310,13,17966
3311,13,17927
3312,13,17886
3313,13,17846
3314,13,17805
3315,13,17766
3316,13,17725
3317,13,17684
3318,13,17645
3319,13,17604
3320,13,17563
3321,13,17524
3322,13,17483
3323,13,17443
3324,13,17403
3325,13,17362
3326,13,17322
3327,13,17282
3328,13,17242
3329,13,17201
3330,13,17160
3331,13,17121
3332,13,17080
3333,13,17040
3334,13,17000
3335,13,16959
3336,13,16919
3337,13,16879
3338,13,16839
3339,13,16798
3340,13,16759
3341,13,16718
3342,13,16677
3343,13,16637
3344,13,16597
3345,13,16556
3346,13,16516
3347,13,16476
3348,13,16436
3349,13,16395
3350,13,16355
3351,13,16315
3352,13,16274
3353,13,16235
3354,13,16194
3355,13,16154
3356,13,16113
3357,13,16073
3358,13,16033
3359,13,15992
3360,13,15952
3361,13,15912
3362,13,15871
3363,13,15832
3364,13,15791
3365,13,15750
3366,13,15711
3367,13,15670
3368,13,15630
3369,13,15590
3370,13,15549
3371,13,15509
3372,13,15468
3373,13,15429
3374,13,15388
3375,13,15347
3376,13,15308
3377,13,15267
3378,13,15227
3379,13,15187
3380,13,15146
3381,13,15106
3382,13,15065
3383,13,15026
3384,13,14985
3385,13,14944
3386,13,14905
3387,13,14864
3388,13,14824
3389,13,14784
3390,13,14743
3391,13,14703
3392,13,14663
3393,13,14623
3394,13,14582
3395,13,14542
3396,13,14502
3397,13,14461
3398,13,14421
3399,13,14381
3400,13,14340
3401,13,14300
3402,13,14260
3403,13,14220
3404,13,14179
3405,13,14139
3406,13,14099
3407,13,14058
3408,13,14018
3409,13,13978
3410,13,13937
3411,13,13897
3412,13,13857
3413,13,13817
3414,13,13776
3415,13,13736
3416,13,13696
3417,13,13655
3418,13,13616
3419,13,13575
3420,13,13534
3421,13,13495
3422,13,13454
3423,13,13414
3424,13,13374
3425,13,13333
3426,13,13293
3427,13,13252
3428,13,13213
3429,13,13172
3430,13,13131
3431,13,13092
3432,13,13051
3433,13,13011
3434,13,12971
3435,13,12930
3436,13,12890
3437,13,12850
3438,13,12810
3439,13,12769
3440,13,12728
3441,13,12689
3442,13,12648
3443,13,12608
3444,13,12568
3445,13,12527
3446,13,12487
3447,13,12447
3448,13,12407
3449,13,12366
3450,13,12326
3451,13,12286
3452,13,12245
3453,13,12205
3454,13,12165
3455,13,12124
3456,13,12084
3457,13,12044
3458,13,12004
3459,13,11963
3460,13,11923
3461,13,11883
3462,13,11842
3463,13,11803
3464,13,11762
3465,13,11721
3466,13,11681
3467,13,11641
3468,13,11600
3469,13,11560
3470,13,11520
3471,13,11480
3472,13,11439
3473,13,11400
3474,13,11359
3475,13,11318
3476,13,11279
3477,13,11238
3478,13,11197
3479,13,11157
3480,13,11117
3481,13,11077
3482,13,11036
3483,13,10997
3484,13,10956
3485,13,10915
3486,13,10876
3487,13,10835
3488,14,91576
3489,14,91575
3490,14,91576
3491,14,91575
3492,14,91575
3493,14,91574
3494,14,91575
3495,14,91574
3496,14,91573
3497,14,91573
3498,14,91573
3499,14,91573
3500,14,91572
3501,14,91571
3502,14,91572
3503,14,91571
3504,14,91571
3505,14,91570
3506,14,91570
3507,14,91570
3508,14,91569
3509,14,91570
3510,14,91569
3511,14,91568
3512,14,91568
3513,14,91567
3514,14,91567
3515,14,91567
3516,14,91566
3517,14,91566
3518,14,91566
3519,14,91566
3520,14,91565
3521,14,91564
3522,14,91565
3523,14,91564
3524,14,91563
3525,14,91563
3526,14,91563
3527,14,91563
3528,14,91562
3529,14,91562
3530,14,91562
3531,14,91561
3532,14,91561
3533,14,91560
3534,14,91560
3535,14,91560
3536,14,91559
3537,14,91559
3538,14,91559
3539,14,91558
3540,14,91558
3541,14,91557
3542,14,91558
3543,14,91557
3544,14,91557
3545,14,91556
3546,14,91556
3547,14,91556
3548,14,91555
3549,14,91555
3550,14,91555
3551,14,91554
3552,14,91554
3553,14,91553
3554,14,91553
3555,14,91553
3556,14,91552
3557,14,91552
3558,14,91552
3559,14,91552
3560,14,91551
3561,14,91550
3562,14,91551
3563,14,91550
3564,14,91549
3565,14,91549
3566,14,91549
3567,14,91549
3568,14,91548
3569,14,91547
3570,14,91548
3571,14,91547
3572,14,91547
3573,14,91546
3574,14,91546
3575,14,91546
3576,14,91545
3577,14,91545
3578,14,91545
3579,14,91544
3580,14,91544
3581,14,91543
3582,14,91544
3583,14,91543
3584,14,91543
3585,14,91542
3586,14,91542
3587,14,91542
3588,14,91541
3589,14,91540
3590,14,91541
3591,14,91540
3592,14,91540
3593,14,91539
3594,14,91539
3595,14,91539
3596,14,91538
3597,14,91538
3598,14,91538
3599,14,91537
3600,14,91537
3601,14,91536
3602,14,91537
3603,14,91536
3604,14,91535
3605,14,91535
3606,14,91535
3607,14,91535
3608,14,91534
3609,14,91533
3610,14,91534
3611,14,91533
3612,14,91533
3613,14,91532
3614,14,91532
3615,14,91532
3616,14,91531
3617,14,91531
3618,14,91531
3619,14,91530
3620,14,91530
3621,14,91529
3622,14,91530
3623,14,91529
3624,14,91528
3625,14,91528
3626,14,91528
3627,14,91528
3628,14,91527
3629,14,91526
3630,14,91527
3631,14,91526
3632,14,91526
3633,14,91525
3634,14,91525
3635,14,91525
3636,14,91524
3637,14,91524
3638,14,91524
3639,14,91524
3640,14,91523
3641,14,91522
3642,14,91523
3643,14,91522
3644,14,91521
3645,14,91521
3646,14,91521
3647,14,91521
3648,14,91520
3649,14,91519
3650,14,91520
3651,14,91519
3652,14,91519
3653,14,91518
3654,14,91518
3655,14,91518
3656,14,91517
3657,14,91517
3658,14,91517
3659,14,91516
3660,14,91516
3661,14,91515
3662,14,91516
3663,14,91515
3664,14,91515
3665,14,91514
3666,14,91514
3667,14,91514
3668,14,91513
3669,14,91512
3670,14,91513
3671,14,91512
3672,14,91512
3673,14,91511
3674,14,91511
3675,14,91511
3676,14,91510
3677,14,91510
3678,14,91510
3679,14,91510
3680,14,91509
3681,14,91508
3682,14,91509
3683,14,91508
3684,14,91507
3685,14,91507
3686,14,91507
3687,14,91507
3688,14,91506
3689,14,91505
3690,14,91506
3691,14,91505
3692,14,91505
3693,14,91504
3694,14,91504
3695,14,91504
3696,14,91503
3697,14,91503
3698,14,91503
3699,14,91502
3700,14,91502
3701,14,91501
3702,14,91502
3703,14,91501
3704,14,91500
3705,14,91500
3706,14,91500
3707,14,91500
3708,14,91499
3709,14,91498
3710,14,91499
3711,14,91498
3712,14,91498
3713,14,91497
3714,14,91497
3715,14,91497
3716,14,91496
3717,14,91496
3718,14,91496
3719,14,91495
3720,14,91495
3721,14,91494
3722,14,91495
3723,14,91494
3724,14,91493
3725,14,91493
3726,14,91493
3727,14,91493
3728,14,91492
3729,14,91491
3730,14,91492
3731,14,91491
3732,14,91491
3733,14,91490
3734,14,91490
3735,14,91490
3736,14,91489
3737,14,91489
3738,14,91489
3739,14,91488
3740,14,91488
3741,14,91487
3742,14,91488
3743,14,91487
3744,14,91486
3745,14,91486
3746,14,91486
3747,14,91486
3748,14,91485
3749,14,91484
3750,14,91485
3751,14,91484
3752,14,91484
3753,14,91483
3754,14,91483
3755,14,91483
3756,14,91482
3757,14,91482
3758,14,91482
3759,14,91481
3760,14,91481
3761,14,91480
3762,14,91481
3763,14,91480
3764,14,91479
3765,14,91479
3766,14,91479
3767,14,91479
3768,14,91478
3769,14,91477
3770,14,91478
3771,14,91477
3772,14,91477
3773,14,91476
3774,14,91476
3775,16,227171
3776,16,227211
3777,16,227252
3778,16,227293
3779,16,227334
3780,16,227374
3781,16,227415
3782,16,227456
3783,16,227496
3784,16,227537
3785,16,227578
3786,16,227619
3787,16,227659
3788,16,227699
3789,16,227741
3790,16,227781
3791,16,227822
3792,16,227862
3793,16,227903
3794,16,227944
3795,16,227984
3796,16,228026
3797,16,228066
3798,16,228106
3799,16,228147
3800,16,228188
3801,16,228228
3802,16,228269
3803,16,228310
3804,16,228351
3805,16,228391
3806,16,228432
3807,16,228473
3808,16,228513
3809,16,228554
3810,16,228595
3811,16,228635
3812,16,228676
3813,16,228716
3814,16,228758
3815,16,228798
3816,16,228838
3817,16,228879
3818,16,228920
3819,16,228961
3820,16,229001
3821,16,229041
3822,16,229083
3823,16,229123
3824,16,229164
3825,16,229205
3826,16,229245
3827,16,229286
3828,16,229326
3829,16,229368
3830,16,229408
3831,16,229449
3832,16,229490
3833,16,229530
3834,16,229571
3835,16,229611
3836,16,229653
3837,16,229693
3838,16,229733
3839,16,229775
3840,16,229815
3841,16,229855
3842,16,229896
3843,16,229937
3844,16,229978
3845,16,230018
3846,16,230059
3847,16,230100
3848,16,230140
3849,16,230181
3850,16,230222
3851,16,230262
3852,16,230303
3853,16,230343
3854,16,230385
3855,16,230425
3856,16,230465
3857,16,230506
3858,16,230547
3859,16,230588
3860,16,230628
3861,16,230668
3862,16,230710
3863,16,230750
3864,16,230791
3865,16,230831
3866,16,230872
3867,16,230913
3868,16,230953
3869,16,230995
3870,16,231035
3871,16,231076
3872,16,231117
3873,16,231157
3874,16,231198
3875,16,231238
3876,16,231279
3877,16,231320
3878,16,231360
3879,16,231401
3880,16,231442
3881,16,231482
3882,16,231523
3883,16,231564
3884,16,231605
3885,16,231645
3886,16,231685
3887,16,231727
3888,16,231767
3889,16,231808
3890,16,231849
3891,16,231889
3892,16,231930
3893,16,231970
3894,16,232012
3895,16,232052
3896,16,232092
3897,16,232133
3898,16,232174
3899,16,232215
3900,16,232255
3901,16,232295
3902,16,232337
3903,16,232377
3904,16,232418
3905,16,232458
3906,16,232499
3907,16,232540
3908,16,232580
3909,16,232621
3910,16,232662
3911,16,232702
3912,16,232743
3913,16,232784
3914,16,232825
3915,16,232865
3916,16,232906
3917,16,232947
3918,16,232987
3919,16,233028
3920,16,233069
3921,16,233109
3922,16,233150
3923,16,233191
3924,16,233232
3925,16,233272
3926,16,233313
3927,16,233354
3928,16,233394
3929,16,233435
3930,16,233475
3931,16,233516
3932,16,233557
3933,16,233597
3934,16,233639
3935,16,233679
3936,16,233719
3937,16,233760
3938,16,233800
3939,16,233842
3940,16,233882
3941,16,233922
3942,16,233964
3943,16,234004
3944,16,234045
3945,16,234086
3946,16,234126
3947,16,234167
3948,16,234207
3949,16,234249
3950,16,234289
3951,16,234330
3952,16,234370
3953,16,234411
3954,16,234452
3955,16,234492
3956,16,234533
3957,16,234574
3958,16,234614
3959,16,234655
3960,16,234696
3961,16,234736
3962,16,234777
3963,16,234817
3964,16,234859
3965,16,234899
3966,16,234940
3967,16,234980
3968,16,235021
3969,16,235062
3970,16,235102
3971,16,235143
3972,16,235184
3973,16,235224
3974,16,235265
3975,16,235306
3976,16,235346
3977,16,235387
3978,16,235428
3979,16,235469
3980,16,235509
3981,16,235549
3982,16,235591
3983,16,235631
3984,16,235672
3985,16,235713
3986,16,235753
3987,16,235794
3988,16,235835
3989,16,235876
3990,16,235916
3991,16,235956
3992,16,235998
3993,16,236038
3994,16,236079
3995,16,236119
3996,16,236160
3997,16,236201
3998,16,236241
3999,16,236283
4000,16,236323
4001,16,236363
4002,16,236404
4003,16,236445
4004,16,236486
4005,16,236526
4006,16,236567
4007,16,236608
4008,16,236648
4009,16,236689
4010,16,236729
4011,16,236770
4012,16,236811
4013,16,236851
4014,16,236892
4015,16,236933
4016,16,236973
4017,16,237014
4018,16,237055
4019,16,237096
4020,16,237136
4021,16,237176
4022,16,237217
4023,16,237258
4024,16,237299
4025,16,237339
4026,16,237380
4027,16,237421
4028,16,237461
4029,16,237503
4030,16,237543
4031,16,237583
4032,16,237624
4033,16,237665
4034,16,237706
4035,16,237746
4036,16,237787
4037,16,237828
4038,16,237868
4039,16,237909
4040,16,237950
4041,16,237990
4042,16,238031
4043,16,238071
4044,16,238113
4045,16,238153
4046,16,238193
4047,16,238235
4048,16,238275
4049,16,238316
4050,16,238356
4051,16,238397
4052,16,238438
4053,16,238478
4054,16,238519
4055,16,238560
4056,16,238600
4057,16,238642
4058,16,238682
4059,16,238723
4060,16,238763
4061,16,238804
4062,16,238845
4063,16,238885
4064,16,238926
4065,16,238967
4066,16,239007
4067,16,239048
4068,16,239088
4069,16,239130
4070,16,239170
4071,16,239210
4072,16,239252
4073,16,239292
4074,16,239333
4075,16,239373
4076,16,239414
4077,16,239455
4078,16,239495
4079,16,239535
4080,16,239577
4081,16,239617
4082,16,239658
4083,16,239699
4084,16,239740
4085,16,239780
4086,16,239820
4087,16,239862
4088,16,239902
4089,16,239942
4090,16,239983
4091,16,240024
4092,16,240065
4093,16,240105
4094,16,240147
4095,16,240187
4096,16,240227
4097,16,240268
4098,17,286205
4099,17,283286
4100,17,275327
4101,17,272247
4102,17,272088
4103,17,268248
4104,17,267970
4105,17,267570
4106,17,264327
4107,17,260451
4108,17,260091
4109,17,258453
4110,17,254293
4111,17,253213
4112,17,251414
4113,17,242535
4114,17,237896
4115,17,233896
4116,17,232496
4117,17,224617
4118,17,218858
4119,17,217899
4120,17,213499
4121,17,212299
4122,17,208780
4123,17,208501
4124,17,208341
4125,17,202822
4126,17,186982
4127,17,182017
4128,17,179264
4129,17,177785
4130,17,176265
4131,17,162825
4132,17,157667
4133,17,154387
4134,17,142547
4135,17,141148
4136,17,133908
4137,17,128350
4138,17,104949
4139,17,84710
4140,17,79313
4141,17,65989
4142,17,49066
4143,17,32352
4144,17,24793
4145,17,23514
4146,17,22634
4147,17,15755
4148,17,293116
4149,17,290756
4150,17,288797
4151,17,277354
4152,17,258319
4153,17,256279
4154,17,243520
4155,17,239201
4156,17,223641
4157,17,220722
4158,17,218522
4159,17,216323
4160,17,215604
4161,17,205122
4162,17,201085
4163,17,199725
4164,17,193086
4165,17,183929
4166,17,172167
4167,17,155044
4168,17,146848
4169,17,143329
4170,17,136971
4171,17,130288
4172,17,111975
4173,17,90731
4174,17,85372
4175,17,85253
4176,17,85253
4177,17,80734
4178,17,58610
4179,17,51654
4180,17,51096
4181,17,51016
4182,17,51017
4183,17,49617
4184,17,34498
4185,17,34179
4186,17,33379
4187,17,32340
4188,17,30101
4189,17,29661
4190,17,29102
4191,17,26542
4192,17,24920
4193,17,17307
4194,17,5545
4195,17,299425
4196,17,289064
4197,17,278293
4198,17,271987
4199,17,271307
4200,17,267507
4201,17,259788
4202,17,242706
4203,17,227465
4204,17,211869
4205,17,186019
4206,17,179351
4207,17,177471
4208,17,167553
4209,17,165553
4210,17,164151
4211,17,153114
4212,17,148514
4213,17,132872
4214,17,108954
4215,17,103756
4216,17,97882
4217,17,83394
4218,17,58788
4219,17,52799
4220,17,52519
4221,17,48558
4222,17,32353
4223,17,19522
4224,17,13122
4225,17,299588
4226,17,287442
4227,17,274700
4228,17,253683
4229,17,245685
4230,17,242845
4231,17,234645
4232,17,229245
4233,17,202204
4234,17,194128
4235,17,187208
4236,17,182088
4237,17,167530
4238,17,158652
4239,17,140947
4240,17,133448
4241,17,120809
4242,17,96812
4243,17,80692
4244,17,58828
4245,17,49134
4246,17,34255
4247,17,24735
4248,17,7975
4249,17,289818
4250,17,263453
4251,17,239272
4252,17,216496
4253,17,190378
4254,17,168419
4255,17,156574
4256,17,151340
4257,17,147701
4258,17,130221
4259,17,117262
4260,17,113943
4261,17,108064
4262,17,93944
4263,17,85545
4264,17,74662
4265,17,58466
4266,17,51107
4267,17,41465
4268,17,29587
4269,17,27468
4270,17,20349
4271,17,14510
4272,17,290785
4273,17,278751
4274,17,270391
4275,17,264912
4276,17,254913
4277,17,252074
4278,17,237470
4279,17,218914
4280,17,204916
4281,17,200238
4282,17,198036
4283,17,191332
4284,17,185197
4285,17,178479
4286,17,172519
4287,17,161873
4288,17,144157
4289,17,123399
4290,17,100048
4291,17,83602
4292,17,62480
4293,17,43603
4294,17,28510
4295,17,16723
4296,17,297365
4297,17,295243
4298,17,280084
4299,17,257327
4300,17,251928
4301,17,250888
4302,17,250248
4303,17,250250
4304,17,250210
4305,17,249211
4306,17,246491
4307,17,244892
4308,17,244413
4309,17,243693
4310,17,243574
4311,17,242534
4312,17,240455
4313,17,238496
4314,17,237816
4315,17,237217
4316,17,225898
4317,17,210858
4318,17,194215
4319,17,185419
4320,17,179580
4321,17,177341
4322,17,176181
4323,17,172582
4324,17,170542
4325,17,169583
4326,17,167903
4327,17,166144
4328,17,165905
4329,17,165465
4330,17,160466
4331,17,158067
4332,17,153427
4333,17,150148
4334,17,149668
4335,17,145749
4336,17,144390
4337,17,124504
4338,17,101953
4339,17,81791
4340,17,80153
4341,17,79753
4342,17,77313
4343,17,73830
4344,17,72314
4345,17,57673
4346,17,36397
4347,17,27756
4348,17,20994
4349,17,14157
4350,17,12119
4351,17,11199
4352,17,10559
4353,17,9919
4354,17,9669
4355,17,7802
4356,17,5282
4357,17,4242
4358,17,4203
4359,17,299725
4360,17,297407
4361,17,295607
4362,17,294088
4363,17,291088
4364,17,287363
4365,17,274687
4366,17,264410
4367,17,264251
4368,17,259128
4369,17,259051
4370,17,257613
4371,17,254733
4372,17,254614
4373,17,254414
4374,17,254175
4375,17,254176
4376,17,253353
4377,17,248217
4378,17,239297
4379,17,235818
4380,17,235539
4381,17,234139
4382,17,230540
4383,17,217301
4384,17,206861
4385,17,198419
4386,17,194702
4387,17,192983
4388,17,191583
4389,17,191344
4390,17,190905
4391,17,190865
4392,17,190306
4393,17,187387
4394,17,182227
4395,17,161231
4396,17,148113
4397,17,134564
4398,17,128750
4399,17,128430
4400,17,127471
4401,17,127311
4402,17,126751
4403,17,126513
4404,17,125609
4405,17,122274
4406,17,122234
4407,17,121796
4408,17,107794
4409,17,106076
4410,17,104197
4411,17,84357
4412,17,79798
4413,17,67361
4414,17,61919
4415,17,61039
4416,17,60401
4417,17,60402
4418,17,59002
4419,17,48281
4420,17,36483
4421,17,31124
4422,18,287167
4423,18,287247
4424,18,287328
4425,18,287407
4426,18,287488
4427,18,287568
4428,18,287649
4429,18,287729
4430,18,287808
4431,18,287889
4432,18,287969
4433,18,288050
4434,18,288130
4435,18,288210
4436,18,288291
4437,18,288370
4438,18,288451
4439,18,288531
4440,18,288611
4441,18,288692
4442,18,288772
4443,18,288852
4444,18,288933
4445,18,289012
4446,18,289093
4447,18,289173
4448,18,289253
4449,18,289333
4450,18,289413
4451,18,289494
4452,18,289574
4453,18,289655
4454,18,289735
4455,18,289814
4456,18,289896
4457,18,289976
4458,18,290056
4459,18,290136
4460,18,290216
4461,18,290296
4462,18,290377
4463,18,290456
4464,18,290538
4465,18,290617
4466,18,290698
4467,18,290778
4468,18,290857
4469,18,290938
4470,18,291018
4471,18,291099
4472,18,291179
4473,18,291259
4474,18,291340
4475,18,291419
4476,18,291501
4477,18,291580
4478,18,291661
4479,18,291741
4480,18,291821
4481,18,291902
4482,18,291981
4483,18,292062
4484,18,292143
4485,18,292222
4486,18,292303
4487,18,292383
4488,18,292463
4489,18,292544
4490,18,292623
4491,18,292704
4492,18,292784
4493,18,292865
4494,18,292945
4495,18,293024
4496,18,293105
4497,18,293185
4498,18,293265
4499,18,293346
4500,18,293426
4501,18,293507
4502,18,293586
4503,18,293666
4504,18,293747
4505,18,293827
4506,18,293908
4507,18,293988
4508,18,294067
4509,18,294148
4510,18,294228
4511,18,294309
4512,18,294389
4513,18,294469
4514,18,294550
4515,18,294630
4516,18,294711
4517,18,294790
4518,18,294871
4519,18,294951
4520,18,295030
4521,18,295112
4522,18,295191
4523,18,295271
4524,18,295352
4525,18,295432
4526,18,295512
4527,18,295592
4528,18,295672
4529,18,295753
4530,18,295833
4531,18,295914
4532,18,295994
4533,18,296073
4534,18,296154
4535,18,296235
4536,18,296315
4537,18,296395
4538,18,296474
4539,18,296556
4540,18,296636
4541,18,296716
4542,18,296796
4543,18,296876
4544,18,296957
4545,18,297037
4546,18,297117
4547,18,297197
4548,18,297277
4549,18,297358
4550,18,297438
4551,18,297519
4552,18,297599
4553,18,297678
4554,18,297759
4555,18,297839
4556,18,297920
4557,18,298000
4558,18,298080
4559,18,298160
4560,18,298240
4561,18,298321
4562,18,298401
4563,18,298481
4564,18,298561
4565,18,298642
4566,18,298722
4567,18,298802
4568,18,298882
4569,18,298963
4570,18,299043
4571,18,299124
4572,18,299203
4573,18,299284
4574,18,299364
4575,18,299444
4576,18,299524
4577,18,299604
4578,18,299684
4579,18,299766
4580,18,299845
4581,18,299926
4582,18,71
4583,18,151
4584,18,231
4585,18,311
4586,18,391
4587,18,472
4588,18,552
4589,18,633
4590,18,712
4591,18,792
4592,18,873
4593,18,953
4594,18,1034
4595,18,1114
4596,18,1193
4597,18,1275
4598,18,1355
4599,18,1435
4600,18,1515
4601,18,1595
4602,18,1675
4603,18,1756
4604,18,1836
4605,18,1916
4606,18,1996
4607,18,2077
4608,18,2157
4609,18,2238
4610,18,2318
4611,18,2398
4612,18,2478
4613,18,2558
4614,18,2639
4615,18,2719
4616,18,2798
4617,18,2879
4618,18,2959
4619,18,3040
4620,18,3120
4621,18,3200
4622,18,3280
4623,18,3360
4624,18,3440
4625,18,3521
4626,18,3601
4627,18,3682
4628,18,3762
4629,18,3843
4630,18,3923
4631,18,4002
4632,18,4083
4633,18,4163
4634,18,4243
4635,18,4323
4636,18,4404
4637,18,4484
4638,18,4564
4639,18,4645
4640,18,4725
4641,18,4805
4642,18,4885
4643,18,4965
