,DOM,delay,Time
1,2.0,3.0,1621005362.1
2,4.0,-2.0,1621005362.1
3,5.0,-5.0,1621005362.1
4,6.0,4.0,1621005362.1
5,7.0,2.0,1621005362.1
6,9.0,-4.0,1621005362.1
7,10.0,0.0,1621005362.1
8,11.0,-2.0,1621005362.1
9,12.0,-5.0,1621005362.1
10,13.0,-1.0,1621005362.1
11,14.0,-4.0,1621005362.1
12,16.0,-7.0,1621005362.1
13,17.0,2.0,1621005362.1
14,18.0,2.0,1621005362.1
15,2.0,3.0,1621005363.1
16,4.0,-3.0,1621005363.1
17,5.0,-5.0,1621005363.1
18,6.0,4.0,1621005363.1
19,7.0,1.0,1621005363.1
20,9.0,-5.0,1621005363.1
21,10.0,0.0,1621005363.1
22,11.0,-2.0,1621005363.1
23,12.0,-5.0,1621005363.1
24,13.0,-1.0,1621005363.1
25,14.0,-4.0,1621005363.1
26,16.0,-7.0,1621005363.1
27,17.0,2.0,1621005363.1
28,18.0,1.0,1621005363.1
29,2.0,4.0,1621005364.1
30,4.0,-2.0,1621005364.1
31,5.0,-5.0,1621005364.1
32,6.0,5.0,1621005364.1
33,7.0,2.0,1621005364.1
34,9.0,-4.0,1621005364.1
35,10.0,1.0,1621005364.1
36,11.0,-2.0,1621005364.1
37,12.0,-5.0,1621005364.1
38,13.0,-1.0,1621005364.1
39,14.0,-4.0,1621005364.1
40,16.0,-6.0,1621005364.1
41,17.0,3.0,1621005364.1
42,18.0,2.0,1621005364.1
43,2.0,3.0,1621005365.1
44,4.0,-3.0,1621005365.1
45,5.0,-6.0,1621005365.1
46,6.0,4.0,1621005365.1
47,7.0,1.0,1621005365.1
48,9.0,-5.0,1621005365.1
49,10.0,0.0,1621005365.1
50,11.0,-3.0,1621005365.1
51,12.0,-5.0,1621005365.1
52,13.0,-1.0,1621005365.1
53,14.0,-5.0,1621005365.1
54,16.0,-7.0,1621005365.1
55,17.0,2.0,1621005365.1
56,18.0,1.0,1621005365.1
57,2.0,3.0,1621005366.1
58,4.0,-3.0,1621005366.1
59,5.0,-6.0,1621005366.1
60,6.0,4.0,1621005366.1
61,7.0,1.0,1621005366.1
62,9.0,-5.0,1621005366.1
63,10.0,0.0,1621005366.1
64,11.0,-2.0,1621005366.1
65,12.0,-5.0,1621005366.1
66,13.0,-1.0,1621005366.1
67,14.0,-4.0,1621005366.1
68,16.0,-7.0,1621005366.1
69,17.0,2.0,1621005366.1
70,18.0,1.0,1621005366.1
71,2.0,3.0,1621005367.2
72,4.0,-2.0,1621005367.2
73,5.0,-5.0,1621005367.2
74,6.0,4.0,1621005367.2
75,7.0,1.0,1621005367.2
76,9.0,-4.0,1621005367.2
77,10.0,0.0,1621005367.2
78,11.0,-2.0,1621005367.2
79,12.0,-5.0,1621005367.2
80,13.0,-1.0,1621005367.2
81,14.0,-4.0,1621005367.2
82,16.0,-7.0,1621005367.2
83,17.0,2.0,1621005367.2
84,18.0,2.0,1621005367.2
85,2.0,3.0,1621005368.2
86,4.0,-2.0,1621005368.2
87,5.0,-5.0,1621005368.2
88,6.0,4.0,1621005368.2
89,7.0,1.0,1621005368.2
90,9.0,-5.0,1621005368.2
91,10.0,0.0,1621005368.2
92,11.0,-2.0,1621005368.2
93,12.0,-5.0,1621005368.2
94,13.0,-1.0,1621005368.2
95,14.0,-4.0,1621005368.2
96,16.0,-7.0,1621005368.2
97,17.0,2.0,1621005368.2
98,18.0,2.0,1621005368.2
99,2.0,3.0,1621005369.2
100,4.0,-3.0,1621005369.2
101,5.0,-5.0,1621005369.2
102,6.0,4.0,1621005369.2
103,7.0,1.0,1621005369.2
104,9.0,-5.0,1621005369.2
105,10.0,0.0,1621005369.2
106,11.0,-2.0,1621005369.2
107,12.0,-5.0,1621005369.2
108,13.0,-1.0,1621005369.2
109,14.0,-4.0,1621005369.2
110,16.0,-7.0,1621005369.2
111,17.0,2.0,1621005369.2
112,18.0,1.0,1621005369.2
113,2.0,3.0,1621005370.2
114,4.0,-3.0,1621005370.2
115,5.0,-6.0,1621005370.2
116,6.0,4.0,1621005370.2
117,7.0,1.0,1621005370.2
118,9.0,-5.0,1621005370.2
119,10.0,0.0,1621005370.2
120,11.0,-3.0,1621005370.2
121,12.0,-5.0,1621005370.2
122,13.0,-1.0,1621005370.2
123,14.0,-4.0,1621005370.2
124,16.0,-7.0,1621005370.2
125,17.0,2.0,1621005370.2
126,18.0,1.0,1621005370.2
127,2.0,3.0,1621005371.2
128,4.0,-3.0,1621005371.2
129,5.0,-6.0,1621005371.2
130,6.0,4.0,1621005371.2
131,7.0,1.0,1621005371.2
132,9.0,-5.0,1621005371.2
133,10.0,0.0,1621005371.2
134,11.0,-2.0,1621005371.2
135,12.0,-5.0,1621005371.2
136,13.0,-1.0,1621005371.2
137,14.0,-4.0,1621005371.2
138,16.0,-7.0,1621005371.2
139,17.0,2.0,1621005371.2
140,18.0,1.0,1621005371.2
141,2.0,4.0,1621005372.2
142,4.0,-2.0,1621005372.2
143,5.0,-5.0,1621005372.2
144,6.0,5.0,1621005372.2
145,7.0,2.0,1621005372.2
146,9.0,-4.0,1621005372.2
147,10.0,1.0,1621005372.2
148,11.0,-2.0,1621005372.2
149,12.0,-4.0,1621005372.2
150,13.0,-1.0,1621005372.2
151,14.0,-4.0,1621005372.2
152,16.0,-6.0,1621005372.2
153,17.0,3.0,1621005372.2
154,18.0,2.0,1621005372.2
155,2.0,4.0,1621005373.3
156,4.0,-2.0,1621005373.3
157,5.0,-5.0,1621005373.3
158,6.0,5.0,1621005373.3
159,7.0,2.0,1621005373.3
160,9.0,-4.0,1621005373.3
161,10.0,1.0,1621005373.3
162,11.0,-2.0,1621005373.3
163,12.0,-5.0,1621005373.3
164,13.0,-1.0,1621005373.3
165,14.0,-4.0,1621005373.3
166,16.0,-6.0,1621005373.3
167,17.0,3.0,1621005373.3
168,18.0,2.0,1621005373.3
169,2.0,3.0,1621005374.3
170,4.0,-3.0,1621005374.3
171,5.0,-6.0,1621005374.3
172,6.0,4.0,1621005374.3
173,7.0,1.0,1621005374.3
174,9.0,-5.0,1621005374.3
175,10.0,0.0,1621005374.3
176,11.0,-2.0,1621005374.3
177,12.0,-5.0,1621005374.3
178,13.0,-1.0,1621005374.3
179,14.0,-4.0,1621005374.3
180,16.0,-7.0,1621005374.3
181,17.0,2.0,1621005374.3
182,18.0,1.0,1621005374.3
183,2.0,3.0,1621005375.3
184,4.0,-3.0,1621005375.3
185,5.0,-6.0,1621005375.3
186,6.0,4.0,1621005375.3
187,7.0,1.0,1621005375.3
188,9.0,-5.0,1621005375.3
189,10.0,0.0,1621005375.3
190,11.0,-3.0,1621005375.3
191,12.0,-5.0,1621005375.3
192,13.0,-1.0,1621005375.3
193,14.0,-4.0,1621005375.3
194,16.0,-7.0,1621005375.3
195,17.0,2.0,1621005375.3
196,18.0,1.0,1621005375.3
197,2.0,3.0,1621005376.3
198,5.0,-5.0,1621005376.3
199,6.0,4.0,1621005376.3
200,7.0,1.0,1621005376.3
201,9.0,-5.0,1621005376.3
202,10.0,0.0,1621005376.3
203,11.0,-2.0,1621005376.3
204,12.0,-5.0,1621005376.3
205,13.0,-1.0,1621005376.3
206,14.0,-4.0,1621005376.3
207,16.0,-7.0,1621005376.3
208,17.0,2.0,1621005376.3
209,18.0,1.0,1621005376.3
210,2.0,4.0,1621005377.3
211,5.0,-5.0,1621005377.3
212,6.0,5.0,1621005377.3
213,7.0,2.0,1621005377.3
214,9.0,-4.0,1621005377.3
215,10.0,1.0,1621005377.3
216,11.0,-2.0,1621005377.3
217,12.0,-4.0,1621005377.3
218,13.0,-1.0,1621005377.3
219,14.0,-4.0,1621005377.3
220,16.0,-6.0,1621005377.3
221,17.0,3.0,1621005377.3
222,18.0,2.0,1621005377.3
223,2.0,3.0,1621005378.3
224,5.0,-5.0,1621005378.3
225,6.0,4.0,1621005378.3
226,7.0,1.0,1621005378.3
227,9.0,-5.0,1621005378.3
228,10.0,0.0,1621005378.3
229,11.0,-2.0,1621005378.3
230,12.0,-5.0,1621005378.3
231,13.0,-1.0,1621005378.3
232,14.0,-4.0,1621005378.3
233,16.0,-7.0,1621005378.3
234,17.0,2.0,1621005378.3
235,18.0,1.0,1621005378.3
236,2.0,3.0,1621005379.4
237,4.0,-3.0,1621005379.4
238,5.0,-5.0,1621005379.4
239,6.0,4.0,1621005379.4
240,7.0,1.0,1621005379.4
241,9.0,-5.0,1621005379.4
242,10.0,0.0,1621005379.4
243,11.0,-2.0,1621005379.4
244,12.0,-5.0,1621005379.4
245,13.0,-1.0,1621005379.4
246,14.0,-4.0,1621005379.4
247,16.0,-7.0,1621005379.4
248,17.0,2.0,1621005379.4
249,18.0,1.0,1621005379.4
250,2.0,3.0,1621005380.4
251,4.0,-3.0,1621005380.4
252,5.0,-6.0,1621005380.4
253,6.0,4.0,1621005380.4
254,7.0,1.0,1621005380.4
255,9.0,-5.0,1621005380.4
256,10.0,0.0,1621005380.4
257,11.0,-2.0,1621005380.4
258,12.0,-5.0,1621005380.4
259,13.0,-1.0,1621005380.4
260,14.0,-4.0,1621005380.4
261,16.0,-7.0,1621005380.4
262,17.0,2.0,1621005380.4
263,18.0,1.0,1621005380.4
264,2.0,4.0,1621005381.4
265,4.0,-2.0,1621005381.4
266,5.0,-5.0,1621005381.4
267,6.0,4.0,1621005381.4
268,7.0,2.0,1621005381.4
269,9.0,-4.0,1621005381.4
270,10.0,0.0,1621005381.4
271,11.0,-2.0,1621005381.4
272,12.0,-5.0,1621005381.4
273,13.0,-1.0,1621005381.4
274,14.0,-4.0,1621005381.4
275,16.0,-7.0,1621005381.4
276,17.0,3.0,1621005381.4
277,18.0,2.0,1621005381.4
278,2.0,4.0,1621005382.4
279,4.0,-2.0,1621005382.4
280,5.0,-5.0,1621005382.4
281,6.0,4.0,1621005382.4
282,7.0,2.0,1621005382.4
283,9.0,-4.0,1621005382.4
284,10.0,1.0,1621005382.4
285,11.0,-2.0,1621005382.4
286,12.0,-5.0,1621005382.4
287,13.0,-1.0,1621005382.4
288,14.0,-4.0,1621005382.4
289,16.0,-7.0,1621005382.4
290,17.0,3.0,1621005382.4
291,18.0,2.0,1621005382.4
292,2.0,3.0,1621005383.4
293,4.0,-2.0,1621005383.4
294,5.0,-5.0,1621005383.4
295,6.0,4.0,1621005383.4
296,7.0,1.0,1621005383.4
297,9.0,-4.0,1621005383.4
298,10.0,0.0,1621005383.4
299,11.0,-2.0,1621005383.4
300,12.0,-5.0,1621005383.4
301,13.0,-1.0,1621005383.4
302,14.0,-4.0,1621005383.4
303,16.0,-7.0,1621005383.4
304,17.0,2.0,1621005383.4
305,18.0,1.0,1621005383.4
306,2.0,3.0,1621005384.4
307,4.0,-3.0,1621005384.4
308,5.0,-6.0,1621005384.4
309,6.0,4.0,1621005384.4
310,7.0,1.0,1621005384.4
311,9.0,-5.0,1621005384.4
312,10.0,0.0,1621005384.4
313,11.0,-3.0,1621005384.4
314,12.0,-5.0,1621005384.4
315,13.0,-1.0,1621005384.4
316,14.0,-4.0,1621005384.4
317,16.0,-7.0,1621005384.4
318,17.0,2.0,1621005384.4
319,18.0,1.0,1621005384.4
320,2.0,3.0,1621005385.5
321,5.0,-6.0,1621005385.5
322,6.0,4.0,1621005385.5
323,7.0,1.0,1621005385.5
324,9.0,-5.0,1621005385.5
325,10.0,0.0,1621005385.5
326,11.0,-2.0,1621005385.5
327,12.0,-5.0,1621005385.5
328,13.0,-1.0,1621005385.5
329,14.0,-4.0,1621005385.5
330,16.0,-7.0,1621005385.5
331,17.0,2.0,1621005385.5
332,18.0,1.0,1621005385.5
333,2.0,3.0,1621005386.5
334,5.0,-5.0,1621005386.5
335,6.0,4.0,1621005386.5
336,7.0,2.0,1621005386.5
337,9.0,-4.0,1621005386.5
338,10.0,0.0,1621005386.5
339,11.0,-2.0,1621005386.5
340,12.0,-5.0,1621005386.5
341,13.0,-1.0,1621005386.5
342,14.0,-4.0,1621005386.5
343,16.0,-7.0,1621005386.5
344,17.0,2.0,1621005386.5
345,18.0,2.0,1621005386.5
346,2.0,4.0,1621005387.5
347,5.0,-5.0,1621005387.5
348,6.0,4.0,1621005387.5
349,7.0,2.0,1621005387.5
350,9.0,-4.0,1621005387.5
351,10.0,1.0,1621005387.5
352,11.0,-2.0,1621005387.5
353,12.0,-5.0,1621005387.5
354,13.0,-1.0,1621005387.5
355,14.0,-4.0,1621005387.5
356,16.0,-7.0,1621005387.5
357,17.0,3.0,1621005387.5
358,18.0,2.0,1621005387.5
359,2.0,4.0,1621005388.5
360,5.0,-5.0,1621005388.5
361,6.0,4.0,1621005388.5
362,7.0,2.0,1621005388.5
363,9.0,-4.0,1621005388.5
364,10.0,1.0,1621005388.5
365,11.0,-2.0,1621005388.5
366,12.0,-5.0,1621005388.5
367,13.0,-1.0,1621005388.5
368,14.0,-4.0,1621005388.5
369,16.0,-7.0,1621005388.5
370,17.0,3.0,1621005388.5
371,18.0,2.0,1621005388.5
372,2.0,3.0,1621005389.5
373,4.0,-3.0,1621005389.5
374,5.0,-6.0,1621005389.5
375,6.0,4.0,1621005389.5
376,7.0,1.0,1621005389.5
377,9.0,-5.0,1621005389.5
378,10.0,0.0,1621005389.5
379,11.0,-2.0,1621005389.5
380,12.0,-5.0,1621005389.5
381,13.0,-1.0,1621005389.5
382,14.0,-4.0,1621005389.5
383,16.0,-7.0,1621005389.5
384,17.0,2.0,1621005389.5
385,18.0,1.0,1621005389.5
386,2.0,4.0,1621005390.6
387,5.0,-5.0,1621005390.6
388,6.0,5.0,1621005390.6
389,7.0,2.0,1621005390.6
390,9.0,-4.0,1621005390.6
391,10.0,1.0,1621005390.6
392,11.0,-2.0,1621005390.6
393,12.0,-4.0,1621005390.6
394,13.0,-1.0,1621005390.6
395,14.0,-4.0,1621005390.6
396,16.0,-6.0,1621005390.6
397,17.0,3.0,1621005390.6
398,18.0,2.0,1621005390.6
399,2.0,4.0,1621005391.6
400,5.0,-5.0,1621005391.6
401,6.0,4.0,1621005391.6
402,7.0,2.0,1621005391.6
403,9.0,-4.0,1621005391.6
404,10.0,0.0,1621005391.6
405,11.0,-2.0,1621005391.6
406,12.0,-5.0,1621005391.6
407,13.0,-1.0,1621005391.6
408,14.0,-4.0,1621005391.6
409,16.0,-7.0,1621005391.6
410,17.0,2.0,1621005391.6
411,18.0,2.0,1621005391.6
412,2.0,3.0,1621005392.6
413,5.0,-5.0,1621005392.6
414,6.0,4.0,1621005392.6
415,7.0,2.0,1621005392.6
416,9.0,-5.0,1621005392.6
417,10.0,0.0,1621005392.6
418,11.0,-2.0,1621005392.6
419,12.0,-5.0,1621005392.6
420,13.0,-1.0,1621005392.6
421,14.0,-4.0,1621005392.6
422,16.0,-7.0,1621005392.6
423,17.0,2.0,1621005392.6
424,18.0,2.0,1621005392.6
425,2.0,3.0,1621005393.6
426,5.0,-5.0,1621005393.6
427,6.0,4.0,1621005393.6
428,7.0,1.0,1621005393.6
429,9.0,-5.0,1621005393.6
430,10.0,0.0,1621005393.6
431,11.0,-2.0,1621005393.6
432,12.0,-5.0,1621005393.6
433,13.0,-1.0,1621005393.6
434,14.0,-4.0,1621005393.6
435,16.0,-7.0,1621005393.6
436,17.0,2.0,1621005393.6
437,18.0,1.0,1621005393.6
438,2.0,3.0,1621005394.6
439,5.0,-5.0,1621005394.6
440,6.0,4.0,1621005394.6
441,7.0,1.0,1621005394.6
442,9.0,-5.0,1621005394.6
443,10.0,0.0,1621005394.6
444,11.0,-2.0,1621005394.6
445,12.0,-5.0,1621005394.6
446,13.0,-1.0,1621005394.6
447,14.0,-4.0,1621005394.6
448,16.0,-7.0,1621005394.6
449,17.0,2.0,1621005394.6
450,18.0,2.0,1621005394.6
451,2.0,3.0,1621005395.6
452,5.0,-5.0,1621005395.6
453,6.0,4.0,1621005395.6
454,7.0,2.0,1621005395.6
455,9.0,-4.0,1621005395.6
456,10.0,0.0,1621005395.6
457,11.0,-2.0,1621005395.6
458,12.0,-5.0,1621005395.6
459,13.0,-1.0,1621005395.6
460,14.0,-4.0,1621005395.6
461,16.0,-7.0,1621005395.6
462,17.0,2.0,1621005395.6
463,18.0,2.0,1621005395.6
464,2.0,3.0,1621005396.7
465,5.0,-5.0,1621005396.7
466,6.0,4.0,1621005396.7
467,7.0,1.0,1621005396.7
468,9.0,-5.0,1621005396.7
469,10.0,0.0,1621005396.7
470,11.0,-2.0,1621005396.7
471,12.0,-5.0,1621005396.7
472,13.0,-1.0,1621005396.7
473,14.0,-4.0,1621005396.7
474,16.0,-7.0,1621005396.7
475,17.0,2.0,1621005396.7
476,18.0,1.0,1621005396.7
477,2.0,4.0,1621005397.7
478,5.0,-5.0,1621005397.7
479,6.0,4.0,1621005397.7
480,7.0,2.0,1621005397.7
481,9.0,-4.0,1621005397.7
482,10.0,1.0,1621005397.7
483,11.0,-2.0,1621005397.7
484,12.0,-5.0,1621005397.7
485,13.0,-1.0,1621005397.7
486,14.0,-4.0,1621005397.7
487,16.0,-7.0,1621005397.7
488,17.0,3.0,1621005397.7
489,18.0,2.0,1621005397.7
490,2.0,4.0,1621005398.7
491,4.0,-2.0,1621005398.7
492,5.0,-5.0,1621005398.7
493,6.0,4.0,1621005398.7
494,7.0,2.0,1621005398.7
495,9.0,-4.0,1621005398.7
496,10.0,0.0,1621005398.7
497,11.0,-2.0,1621005398.7
498,12.0,-5.0,1621005398.7
499,13.0,-1.0,1621005398.7
500,14.0,-4.0,1621005398.7
501,16.0,-7.0,1621005398.7
502,17.0,3.0,1621005398.7
503,18.0,2.0,1621005398.7
504,2.0,3.0,1621005399.7
505,4.0,-2.0,1621005399.7
506,5.0,-5.0,1621005399.7
507,6.0,4.0,1621005399.7
508,7.0,2.0,1621005399.7
509,9.0,-4.0,1621005399.7
510,10.0,0.0,1621005399.7
511,11.0,-2.0,1621005399.7
512,12.0,-5.0,1621005399.7
513,13.0,-1.0,1621005399.7
514,14.0,-4.0,1621005399.7
515,16.0,-7.0,1621005399.7
516,17.0,2.0,1621005399.7
517,18.0,2.0,1621005399.7
518,2.0,3.0,1621005400.7
519,4.0,-3.0,1621005400.7
520,5.0,-5.0,1621005400.7
521,6.0,4.0,1621005400.7
522,7.0,1.0,1621005400.7
523,9.0,-5.0,1621005400.7
524,10.0,0.0,1621005400.7
525,11.0,-2.0,1621005400.7
526,12.0,-5.0,1621005400.7
527,13.0,-1.0,1621005400.7
528,14.0,-4.0,1621005400.7
529,16.0,-7.0,1621005400.7
530,17.0,2.0,1621005400.7
531,18.0,1.0,1621005400.7
532,2.0,3.0,1621005401.7
533,5.0,-5.0,1621005401.7
534,6.0,4.0,1621005401.7
535,7.0,1.0,1621005401.7
536,9.0,-5.0,1621005401.7
537,10.0,0.0,1621005401.7
538,11.0,-2.0,1621005401.7
539,12.0,-5.0,1621005401.7
540,13.0,-1.0,1621005401.7
541,14.0,-4.0,1621005401.7
542,16.0,-7.0,1621005401.7
543,17.0,2.0,1621005401.7
544,18.0,1.0,1621005401.7
545,2.0,3.0,1621005402.8
546,5.0,-6.0,1621005402.8
547,6.0,4.0,1621005402.8
548,7.0,1.0,1621005402.8
549,9.0,-5.0,1621005402.8
550,10.0,0.0,1621005402.8
551,11.0,-3.0,1621005402.8
552,12.0,-5.0,1621005402.8
553,13.0,-1.0,1621005402.8
554,14.0,-5.0,1621005402.8
555,16.0,-7.0,1621005402.8
556,17.0,2.0,1621005402.8
557,18.0,1.0,1621005402.8
558,2.0,4.0,1621005403.8
559,5.0,-5.0,1621005403.8
560,6.0,4.0,1621005403.8
561,7.0,2.0,1621005403.8
562,9.0,-4.0,1621005403.8
563,10.0,1.0,1621005403.8
564,11.0,-2.0,1621005403.8
565,12.0,-5.0,1621005403.8
566,13.0,-1.0,1621005403.8
567,14.0,-4.0,1621005403.8
568,16.0,-7.0,1621005403.8
569,17.0,3.0,1621005403.8
570,18.0,2.0,1621005403.8
571,2.0,4.0,1621005404.8
572,5.0,-5.0,1621005404.8
573,6.0,5.0,1621005404.8
574,7.0,2.0,1621005404.8
575,9.0,-4.0,1621005404.8
576,10.0,1.0,1621005404.8
577,11.0,-2.0,1621005404.8
578,12.0,-5.0,1621005404.8
579,13.0,-1.0,1621005404.8
580,14.0,-4.0,1621005404.8
581,16.0,-6.0,1621005404.8
582,17.0,3.0,1621005404.8
583,18.0,2.0,1621005404.8
584,2.0,4.0,1621005405.8
585,5.0,-5.0,1621005405.8
586,6.0,4.0,1621005405.8
587,7.0,2.0,1621005405.8
588,9.0,-4.0,1621005405.8
589,10.0,1.0,1621005405.8
590,11.0,-2.0,1621005405.8
591,12.0,-5.0,1621005405.8
592,13.0,-1.0,1621005405.8
593,14.0,-4.0,1621005405.8
594,16.0,-7.0,1621005405.8
595,17.0,3.0,1621005405.8
596,18.0,2.0,1621005405.8
597,2.0,3.0,1621005406.8
598,5.0,-6.0,1621005406.8
599,6.0,4.0,1621005406.8
600,7.0,1.0,1621005406.8
601,9.0,-5.0,1621005406.8
602,10.0,0.0,1621005406.8
603,11.0,-3.0,1621005406.8
604,12.0,-5.0,1621005406.8
605,13.0,-2.0,1621005406.8
606,14.0,-5.0,1621005406.8
607,16.0,-7.0,1621005406.8
608,17.0,2.0,1621005406.8
609,18.0,1.0,1621005406.8
610,2.0,3.0,1621005408.9
611,4.0,-3.0,1621005408.9
612,5.0,-5.0,1621005408.9
613,6.0,4.0,1621005408.9
614,7.0,1.0,1621005408.9
615,9.0,-5.0,1621005408.9
616,10.0,0.0,1621005408.9
617,11.0,-2.0,1621005408.9
618,12.0,-5.0,1621005408.9
619,13.0,-1.0,1621005408.9
620,14.0,-4.0,1621005408.9
621,16.0,-7.0,1621005408.9
622,17.0,2.0,1621005408.9
623,18.0,1.0,1621005408.9
624,2.0,4.0,1621005407.8
625,4.0,-2.0,1621005407.8
626,5.0,-5.0,1621005407.8
627,6.0,5.0,1621005407.8
628,7.0,2.0,1621005407.8
629,9.0,-4.0,1621005407.8
630,10.0,1.0,1621005407.8
631,11.0,-2.0,1621005407.8
632,12.0,-5.0,1621005407.8
633,13.0,-1.0,1621005407.8
634,14.0,-4.0,1621005407.8
635,16.0,-7.0,1621005407.8
636,17.0,3.0,1621005407.8
637,18.0,2.0,1621005407.8
638,2.0,3.0,1621005409.9
639,4.0,-2.0,1621005409.9
640,5.0,-5.0,1621005409.9
641,6.0,4.0,1621005409.9
642,7.0,2.0,1621005409.9
643,9.0,-4.0,1621005409.9
644,10.0,1.0,1621005409.9
645,11.0,-2.0,1621005409.9
646,12.0,-5.0,1621005409.9
647,13.0,-1.0,1621005409.9
648,14.0,-4.0,1621005409.9
649,16.0,-7.0,1621005409.9
650,17.0,3.0,1621005409.9
651,18.0,2.0,1621005409.9
652,2.0,4.0,1621005410.9
653,4.0,-2.0,1621005410.9
654,5.0,-5.0,1621005410.9
655,6.0,4.0,1621005410.9
656,7.0,2.0,1621005410.9
657,9.0,-4.0,1621005410.9
658,10.0,1.0,1621005410.9
659,11.0,-2.0,1621005410.9
660,12.0,-5.0,1621005410.9
661,13.0,-1.0,1621005410.9
662,14.0,-4.0,1621005410.9
663,16.0,-7.0,1621005410.9
664,17.0,3.0,1621005410.9
665,18.0,2.0,1621005410.9
666,2.0,4.0,1621005411.9
667,4.0,-2.0,1621005411.9
668,5.0,-5.0,1621005411.9
669,6.0,4.0,1621005411.9
670,7.0,2.0,1621005411.9
671,9.0,-4.0,1621005411.9
672,10.0,1.0,1621005411.9
673,11.0,-2.0,1621005411.9
674,12.0,-5.0,1621005411.9
675,13.0,-1.0,1621005411.9
676,14.0,-4.0,1621005411.9
677,16.0,-7.0,1621005411.9
678,17.0,3.0,1621005411.9
679,18.0,2.0,1621005411.9
680,2.0,4.0,1621005412.9
681,4.0,-2.0,1621005412.9
682,5.0,-5.0,1621005412.9
683,6.0,5.0,1621005412.9
684,7.0,2.0,1621005412.9
685,9.0,-4.0,1621005412.9
686,10.0,1.0,1621005412.9
687,11.0,-2.0,1621005412.9
688,12.0,-4.0,1621005412.9
689,13.0,-1.0,1621005412.9
690,14.0,-4.0,1621005412.9
691,16.0,-6.0,1621005412.9
692,17.0,3.0,1621005412.9
693,18.0,2.0,1621005412.9
694,2.0,3.0,1621005413.9
695,4.0,-3.0,1621005413.9
696,5.0,-6.0,1621005413.9
697,6.0,4.0,1621005413.9
698,7.0,1.0,1621005413.9
699,9.0,-5.0,1621005413.9
700,10.0,0.0,1621005413.9
701,11.0,-3.0,1621005413.9
702,12.0,-5.0,1621005413.9
703,13.0,-1.0,1621005413.9
704,14.0,-4.0,1621005413.9
705,16.0,-7.0,1621005413.9
706,17.0,2.0,1621005413.9
707,18.0,1.0,1621005413.9
708,2.0,3.0,1621005415.0
709,4.0,-3.0,1621005415.0
710,5.0,-6.0,1621005415.0
711,6.0,4.0,1621005415.0
712,7.0,1.0,1621005415.0
713,9.0,-5.0,1621005415.0
714,10.0,0.0,1621005415.0
715,11.0,-2.0,1621005415.0
716,12.0,-5.0,1621005415.0
717,13.0,-1.0,1621005415.0
718,14.0,-4.0,1621005415.0
719,16.0,-7.0,1621005415.0
720,17.0,2.0,1621005415.0
721,18.0,1.0,1621005415.0
722,2.0,4.0,1621005416.0
723,4.0,-2.0,1621005416.0
724,5.0,-5.0,1621005416.0
725,6.0,4.0,1621005416.0
726,7.0,2.0,1621005416.0
727,9.0,-4.0,1621005416.0
728,10.0,1.0,1621005416.0
729,11.0,-2.0,1621005416.0
730,12.0,-5.0,1621005416.0
731,13.0,-1.0,1621005416.0
732,14.0,-4.0,1621005416.0
733,16.0,-7.0,1621005416.0
734,17.0,3.0,1621005416.0
735,18.0,2.0,1621005416.0
736,2.0,4.0,1621005417.0
737,4.0,-2.0,1621005417.0
738,5.0,-5.0,1621005417.0
739,6.0,4.0,1621005417.0
740,7.0,2.0,1621005417.0
741,9.0,-4.0,1621005417.0
742,10.0,0.0,1621005417.0
743,11.0,-2.0,1621005417.0
744,12.0,-5.0,1621005417.0
745,13.0,-1.0,1621005417.0
746,14.0,-4.0,1621005417.0
747,16.0,-7.0,1621005417.0
748,17.0,3.0,1621005417.0
749,18.0,2.0,1621005417.0
750,2.0,3.0,1621005418.0
751,4.0,-3.0,1621005418.0
752,5.0,-6.0,1621005418.0
753,6.0,4.0,1621005418.0
754,7.0,1.0,1621005418.0
755,9.0,-5.0,1621005418.0
756,10.0,0.0,1621005418.0
757,11.0,-2.0,1621005418.0
758,12.0,-5.0,1621005418.0
759,13.0,-1.0,1621005418.0
760,14.0,-4.0,1621005418.0
761,16.0,-7.0,1621005418.0
762,17.0,2.0,1621005418.0
763,18.0,1.0,1621005418.0
764,2.0,3.0,1621005419.0
765,4.0,-3.0,1621005419.0
766,5.0,-6.0,1621005419.0
767,6.0,4.0,1621005419.0
768,7.0,1.0,1621005419.0
769,9.0,-5.0,1621005419.0
770,10.0,0.0,1621005419.0
771,11.0,-3.0,1621005419.0
772,12.0,-5.0,1621005419.0
773,13.0,-1.0,1621005419.0
774,14.0,-4.0,1621005419.0
775,16.0,-7.0,1621005419.0
776,17.0,2.0,1621005419.0
777,18.0,1.0,1621005419.0
778,2.0,3.0,1621005420.0
779,4.0,-2.0,1621005420.0
780,5.0,-5.0,1621005420.0
781,6.0,4.0,1621005420.0
782,7.0,2.0,1621005420.0
783,9.0,-4.0,1621005420.0
784,10.0,0.0,1621005420.0
785,11.0,-2.0,1621005420.0
786,12.0,-5.0,1621005420.0
787,13.0,-1.0,1621005420.0
788,14.0,-4.0,1621005420.0
789,16.0,-7.0,1621005420.0
790,17.0,3.0,1621005420.0
791,18.0,2.0,1621005420.0
792,2.0,4.0,1621005421.1
793,4.0,-2.0,1621005421.1
794,5.0,-5.0,1621005421.1
795,6.0,4.0,1621005421.1
796,7.0,2.0,1621005421.1
797,9.0,-4.0,1621005421.1
798,10.0,0.0,1621005421.1
799,11.0,-2.0,1621005421.1
800,12.0,-5.0,1621005421.1
801,13.0,-1.0,1621005421.1
802,14.0,-4.0,1621005421.1
803,16.0,-7.0,1621005421.1
804,17.0,3.0,1621005421.1
805,18.0,2.0,1621005421.1
806,2.0,3.0,1621005422.1
807,4.0,-3.0,1621005422.1
808,5.0,-5.0,1621005422.1
809,6.0,4.0,1621005422.1
810,7.0,1.0,1621005422.1
811,9.0,-5.0,1621005422.1
812,10.0,0.0,1621005422.1
813,11.0,-2.0,1621005422.1
814,12.0,-5.0,1621005422.1
815,13.0,-1.0,1621005422.1
816,14.0,-4.0,1621005422.1
817,16.0,-7.0,1621005422.1
818,17.0,2.0,1621005422.1
819,18.0,1.0,1621005422.1
820,2.0,4.0,1621005423.1
821,4.0,-2.0,1621005423.1
822,5.0,-5.0,1621005423.1
823,6.0,4.0,1621005423.1
824,7.0,2.0,1621005423.1
825,9.0,-4.0,1621005423.1
826,10.0,1.0,1621005423.1
827,11.0,-2.0,1621005423.1
828,12.0,-5.0,1621005423.1
829,13.0,-1.0,1621005423.1
830,14.0,-4.0,1621005423.1
831,16.0,-7.0,1621005423.1
832,17.0,3.0,1621005423.1
833,18.0,2.0,1621005423.1
834,2.0,3.0,1621005424.1
835,4.0,-3.0,1621005424.1
836,5.0,-6.0,1621005424.1
837,6.0,4.0,1621005424.1
838,7.0,1.0,1621005424.1
839,9.0,-5.0,1621005424.1
840,10.0,0.0,1621005424.1
841,11.0,-3.0,1621005424.1
842,12.0,-5.0,1621005424.1
843,13.0,-1.0,1621005424.1
844,14.0,-5.0,1621005424.1
845,16.0,-7.0,1621005424.1
846,17.0,2.0,1621005424.1
847,18.0,1.0,1621005424.1
848,2.0,4.0,1621005425.1
849,4.0,-2.0,1621005425.1
850,5.0,-5.0,1621005425.1
851,6.0,4.0,1621005425.1
852,7.0,2.0,1621005425.1
853,9.0,-4.0,1621005425.1
854,10.0,0.0,1621005425.1
855,11.0,-2.0,1621005425.1
856,12.0,-5.0,1621005425.1
857,13.0,-1.0,1621005425.1
858,14.0,-4.0,1621005425.1
859,16.0,-7.0,1621005425.1
860,17.0,2.0,1621005425.1
861,18.0,2.0,1621005425.1
862,2.0,4.0,1621005426.1
863,4.0,-2.0,1621005426.1
864,5.0,-5.0,1621005426.1
865,6.0,5.0,1621005426.1
866,7.0,2.0,1621005426.1
867,9.0,-4.0,1621005426.1
868,10.0,1.0,1621005426.1
869,11.0,-2.0,1621005426.1
870,12.0,-5.0,1621005426.1
871,13.0,-1.0,1621005426.1
872,14.0,-4.0,1621005426.1
873,16.0,-6.0,1621005426.1
874,17.0,3.0,1621005426.1
875,18.0,2.0,1621005426.1
876,2.0,3.0,1621005427.2
877,4.0,-3.0,1621005427.2
878,5.0,-5.0,1621005427.2
879,6.0,4.0,1621005427.2
880,7.0,1.0,1621005427.2
881,9.0,-5.0,1621005427.2
882,10.0,0.0,1621005427.2
883,11.0,-2.0,1621005427.2
884,12.0,-5.0,1621005427.2
885,13.0,-1.0,1621005427.2
886,14.0,-4.0,1621005427.2
887,16.0,-7.0,1621005427.2
888,17.0,2.0,1621005427.2
889,18.0,1.0,1621005427.2
890,2.0,3.0,1621005428.2
891,4.0,-3.0,1621005428.2
892,5.0,-6.0,1621005428.2
893,6.0,4.0,1621005428.2
894,7.0,1.0,1621005428.2
895,9.0,-5.0,1621005428.2
896,10.0,0.0,1621005428.2
897,11.0,-3.0,1621005428.2
898,12.0,-6.0,1621005428.2
899,13.0,-2.0,1621005428.2
900,14.0,-5.0,1621005428.2
901,16.0,-7.0,1621005428.2
902,17.0,2.0,1621005428.2
903,18.0,1.0,1621005428.2
904,2.0,3.0,1621005429.2
905,4.0,-2.0,1621005429.2
906,5.0,-5.0,1621005429.2
907,6.0,4.0,1621005429.2
908,7.0,1.0,1621005429.2
909,9.0,-4.0,1621005429.2
910,10.0,0.0,1621005429.2
911,11.0,-2.0,1621005429.2
912,12.0,-5.0,1621005429.2
913,13.0,-1.0,1621005429.2
914,14.0,-4.0,1621005429.2
915,16.0,-7.0,1621005429.2
916,17.0,2.0,1621005429.2
917,18.0,2.0,1621005429.2
918,2.0,3.0,1621005430.2
919,4.0,-3.0,1621005430.2
920,5.0,-5.0,1621005430.2
921,6.0,4.0,1621005430.2
922,7.0,1.0,1621005430.2
923,9.0,-5.0,1621005430.2
924,10.0,0.0,1621005430.2
925,11.0,-2.0,1621005430.2
926,12.0,-5.0,1621005430.2
927,13.0,-1.0,1621005430.2
928,14.0,-4.0,1621005430.2
929,16.0,-7.0,1621005430.2
930,17.0,2.0,1621005430.2
931,18.0,1.0,1621005430.2
932,2.0,3.0,1621005431.2
933,4.0,-3.0,1621005431.2
934,5.0,-6.0,1621005431.2
935,6.0,4.0,1621005431.2
936,7.0,1.0,1621005431.2
937,9.0,-5.0,1621005431.2
938,10.0,0.0,1621005431.2
939,11.0,-3.0,1621005431.2
940,12.0,-5.0,1621005431.2
941,13.0,-1.0,1621005431.2
942,14.0,-5.0,1621005431.2
943,16.0,-7.0,1621005431.2
944,17.0,2.0,1621005431.2
945,18.0,1.0,1621005431.2
946,2.0,3.0,1621005432.2
947,4.0,-3.0,1621005432.2
948,5.0,-5.0,1621005432.2
949,6.0,4.0,1621005432.2
950,7.0,1.0,1621005432.2
951,9.0,-5.0,1621005432.2
952,10.0,0.0,1621005432.2
953,11.0,-2.0,1621005432.2
954,12.0,-5.0,1621005432.2
955,13.0,-1.0,1621005432.2
956,14.0,-4.0,1621005432.2
957,16.0,-7.0,1621005432.2
958,17.0,2.0,1621005432.2
959,18.0,1.0,1621005432.2
960,2.0,4.0,1621005433.3
961,4.0,-2.0,1621005433.3
962,5.0,-5.0,1621005433.3
963,6.0,4.0,1621005433.3
964,7.0,2.0,1621005433.3
965,9.0,-4.0,1621005433.3
966,10.0,1.0,1621005433.3
967,11.0,-2.0,1621005433.3
968,12.0,-5.0,1621005433.3
969,13.0,-1.0,1621005433.3
970,14.0,-4.0,1621005433.3
971,16.0,-7.0,1621005433.3
972,17.0,3.0,1621005433.3
973,18.0,2.0,1621005433.3
974,2.0,3.0,1621005434.3
975,4.0,-3.0,1621005434.3
976,5.0,-5.0,1621005434.3
977,6.0,4.0,1621005434.3
978,7.0,1.0,1621005434.3
979,9.0,-5.0,1621005434.3
980,10.0,0.0,1621005434.3
981,11.0,-2.0,1621005434.3
982,12.0,-5.0,1621005434.3
983,13.0,-1.0,1621005434.3
984,14.0,-4.0,1621005434.3
985,16.0,-7.0,1621005434.3
986,17.0,2.0,1621005434.3
987,18.0,1.0,1621005434.3
988,2.0,3.0,1621005435.3
989,4.0,-2.0,1621005435.3
990,5.0,-5.0,1621005435.3
991,6.0,4.0,1621005435.3
992,7.0,2.0,1621005435.3
993,9.0,-4.0,1621005435.3
994,10.0,0.0,1621005435.3
995,11.0,-2.0,1621005435.3
996,12.0,-5.0,1621005435.3
997,13.0,-1.0,1621005435.3
998,14.0,-4.0,1621005435.3
999,16.0,-7.0,1621005435.3
1000,17.0,2.0,1621005435.3
1001,18.0,2.0,1621005435.3
1002,2.0,3.0,1621005436.3
1003,4.0,-2.0,1621005436.3
1004,5.0,-5.0,1621005436.3
1005,6.0,4.0,1621005436.3
1006,7.0,2.0,1621005436.3
1007,9.0,-4.0,1621005436.3
1008,10.0,0.0,1621005436.3
1009,11.0,-2.0,1621005436.3
1010,12.0,-5.0,1621005436.3
1011,13.0,-1.0,1621005436.3
1012,14.0,-4.0,1621005436.3
1013,16.0,-7.0,1621005436.3
1014,17.0,2.0,1621005436.3
1015,18.0,2.0,1621005436.3
1016,2.0,4.0,1621005437.3
1017,4.0,-2.0,1621005437.3
1018,5.0,-5.0,1621005437.3
1019,6.0,4.0,1621005437.3
1020,7.0,2.0,1621005437.3
1021,9.0,-4.0,1621005437.3
1022,10.0,1.0,1621005437.3
1023,11.0,-2.0,1621005437.3
1024,12.0,-5.0,1621005437.3
1025,13.0,-1.0,1621005437.3
1026,14.0,-4.0,1621005437.3
1027,16.0,-7.0,1621005437.3
1028,17.0,3.0,1621005437.3
1029,18.0,2.0,1621005437.3
1030,2.0,3.0,1621005438.3
1031,4.0,-3.0,1621005438.3
1032,5.0,-6.0,1621005438.3
1033,6.0,4.0,1621005438.3
1034,7.0,1.0,1621005438.3
1035,9.0,-5.0,1621005438.3
1036,10.0,0.0,1621005438.3
1037,11.0,-3.0,1621005438.3
1038,12.0,-5.0,1621005438.3
1039,13.0,-1.0,1621005438.3
1040,14.0,-4.0,1621005438.3
1041,16.0,-7.0,1621005438.3
1042,17.0,2.0,1621005438.3
1043,18.0,1.0,1621005438.3
1044,2.0,3.0,1621005439.4
1045,4.0,-2.0,1621005439.4
1046,5.0,-5.0,1621005439.4
1047,6.0,4.0,1621005439.4
1048,7.0,1.0,1621005439.4
1049,9.0,-5.0,1621005439.4
1050,10.0,0.0,1621005439.4
1051,11.0,-2.0,1621005439.4
1052,12.0,-5.0,1621005439.4
1053,13.0,-1.0,1621005439.4
1054,14.0,-4.0,1621005439.4
1055,16.0,-7.0,1621005439.4
1056,17.0,2.0,1621005439.4
1057,18.0,2.0,1621005439.4
1058,2.0,3.0,1621005440.4
1059,4.0,-3.0,1621005440.4
1060,5.0,-5.0,1621005440.4
1061,6.0,4.0,1621005440.4
1062,7.0,1.0,1621005440.4
1063,9.0,-5.0,1621005440.4
1064,10.0,0.0,1621005440.4
1065,11.0,-2.0,1621005440.4
1066,12.0,-5.0,1621005440.4
1067,13.0,-1.0,1621005440.4
1068,14.0,-4.0,1621005440.4
1069,16.0,-7.0,1621005440.4
1070,17.0,2.0,1621005440.4
1071,18.0,2.0,1621005440.4
1072,2.0,3.0,1621005441.4
1073,4.0,-3.0,1621005441.4
1074,5.0,-6.0,1621005441.4
1075,6.0,4.0,1621005441.4
1076,7.0,1.0,1621005441.4
1077,9.0,-5.0,1621005441.4
1078,10.0,0.0,1621005441.4
1079,11.0,-3.0,1621005441.4
1080,12.0,-5.0,1621005441.4
1081,13.0,-1.0,1621005441.4
1082,14.0,-5.0,1621005441.4
1083,16.0,-7.0,1621005441.4
1084,17.0,2.0,1621005441.4
1085,18.0,1.0,1621005441.4
1086,2.0,3.0,1621005442.4
1087,4.0,-3.0,1621005442.4
1088,5.0,-6.0,1621005442.4
1089,6.0,4.0,1621005442.4
1090,7.0,1.0,1621005442.4
1091,9.0,-5.0,1621005442.4
1092,10.0,0.0,1621005442.4
1093,11.0,-3.0,1621005442.4
1094,12.0,-5.0,1621005442.4
1095,13.0,-1.0,1621005442.4
1096,14.0,-4.0,1621005442.4
1097,16.0,-7.0,1621005442.4
1098,17.0,2.0,1621005442.4
1099,18.0,1.0,1621005442.4
1100,2.0,3.0,1621005443.4
1101,4.0,-3.0,1621005443.4
1102,5.0,-6.0,1621005443.4
1103,6.0,4.0,1621005443.4
1104,7.0,1.0,1621005443.4
1105,9.0,-5.0,1621005443.4
1106,10.0,0.0,1621005443.4
1107,11.0,-3.0,1621005443.4
1108,12.0,-5.0,1621005443.4
1109,13.0,-1.0,1621005443.4
1110,14.0,-4.0,1621005443.4
1111,16.0,-7.0,1621005443.4
1112,17.0,2.0,1621005443.4
1113,18.0,1.0,1621005443.4
1114,2.0,3.0,1621005444.4
1115,4.0,-3.0,1621005444.4
1116,5.0,-5.0,1621005444.4
1117,6.0,4.0,1621005444.4
1118,7.0,1.0,1621005444.4
1119,9.0,-5.0,1621005444.4
1120,10.0,0.0,1621005444.4
1121,11.0,-2.0,1621005444.4
1122,12.0,-5.0,1621005444.4
1123,13.0,-1.0,1621005444.4
1124,14.0,-4.0,1621005444.4
1125,16.0,-7.0,1621005444.4
1126,17.0,2.0,1621005444.4
1127,18.0,1.0,1621005444.4
1128,2.0,3.0,1621005445.5
1129,5.0,-5.0,1621005445.5
1130,6.0,4.0,1621005445.5
1131,7.0,2.0,1621005445.5
1132,9.0,-4.0,1621005445.5
1133,10.0,1.0,1621005445.5
1134,11.0,-2.0,1621005445.5
1135,12.0,-5.0,1621005445.5
1136,13.0,-1.0,1621005445.5
1137,14.0,-4.0,1621005445.5
1138,16.0,-7.0,1621005445.5
1139,17.0,3.0,1621005445.5
1140,18.0,2.0,1621005445.5
1141,2.0,4.0,1621005446.5
1142,5.0,-5.0,1621005446.5
1143,6.0,5.0,1621005446.5
1144,7.0,2.0,1621005446.5
1145,9.0,-4.0,1621005446.5
1146,10.0,1.0,1621005446.5
1147,11.0,-2.0,1621005446.5
1148,12.0,-5.0,1621005446.5
1149,13.0,-1.0,1621005446.5
1150,14.0,-4.0,1621005446.5
1151,16.0,-7.0,1621005446.5
1152,17.0,3.0,1621005446.5
1153,18.0,2.0,1621005446.5
1154,2.0,3.0,1621005447.5
1155,5.0,-5.0,1621005447.5
1156,6.0,4.0,1621005447.5
1157,7.0,2.0,1621005447.5
1158,9.0,-4.0,1621005447.5
1159,10.0,0.0,1621005447.5
1160,11.0,-2.0,1621005447.5
1161,12.0,-5.0,1621005447.5
1162,13.0,-1.0,1621005447.5
1163,14.0,-4.0,1621005447.5
1164,16.0,-7.0,1621005447.5
1165,17.0,2.0,1621005447.5
1166,18.0,2.0,1621005447.5
1167,2.0,3.0,1621005448.5
1168,5.0,-5.0,1621005448.5
1169,6.0,4.0,1621005448.5
1170,7.0,1.0,1621005448.5
1171,9.0,-5.0,1621005448.5
1172,10.0,0.0,1621005448.5
1173,11.0,-3.0,1621005448.5
1174,12.0,-5.0,1621005448.5
1175,13.0,-1.0,1621005448.5
1176,14.0,-4.0,1621005448.5
1177,16.0,-7.0,1621005448.5
1178,17.0,2.0,1621005448.5
1179,18.0,1.0,1621005448.5
1180,2.0,3.0,1621005449.5
1181,4.0,-2.0,1621005449.5
1182,5.0,-5.0,1621005449.5
1183,6.0,4.0,1621005449.5
1184,7.0,2.0,1621005449.5
1185,9.0,-4.0,1621005449.5
1186,10.0,1.0,1621005449.5
1187,11.0,-2.0,1621005449.5
1188,12.0,-5.0,1621005449.5
1189,13.0,-1.0,1621005449.5
1190,14.0,-4.0,1621005449.5
1191,16.0,-7.0,1621005449.5
1192,17.0,2.0,1621005449.5
1193,18.0,2.0,1621005449.5
1194,2.0,4.0,1621005450.5
1195,4.0,-2.0,1621005450.5
1196,5.0,-5.0,1621005450.5
1197,6.0,4.0,1621005450.5
1198,7.0,2.0,1621005450.5
1199,9.0,-4.0,1621005450.5
1200,10.0,1.0,1621005450.5
1201,11.0,-2.0,1621005450.5
1202,12.0,-5.0,1621005450.5
1203,13.0,-1.0,1621005450.5
1204,14.0,-4.0,1621005450.5
1205,16.0,-6.0,1621005450.5
1206,17.0,3.0,1621005450.5
1207,18.0,2.0,1621005450.5
1208,2.0,4.0,1621005451.6
1209,4.0,-2.0,1621005451.6
1210,5.0,-5.0,1621005451.6
1211,6.0,4.0,1621005451.6
1212,7.0,2.0,1621005451.6
1213,9.0,-4.0,1621005451.6
1214,10.0,1.0,1621005451.6
1215,11.0,-2.0,1621005451.6
1216,12.0,-5.0,1621005451.6
1217,13.0,-1.0,1621005451.6
1218,14.0,-4.0,1621005451.6
1219,16.0,-7.0,1621005451.6
1220,17.0,3.0,1621005451.6
1221,18.0,2.0,1621005451.6
1222,2.0,4.0,1621005452.6
1223,4.0,-2.0,1621005452.6
1224,5.0,-5.0,1621005452.6
1225,6.0,4.0,1621005452.6
1226,7.0,2.0,1621005452.6
1227,9.0,-4.0,1621005452.6
1228,10.0,0.0,1621005452.6
1229,11.0,-2.0,1621005452.6
1230,12.0,-5.0,1621005452.6
1231,13.0,-1.0,1621005452.6
1232,14.0,-4.0,1621005452.6
1233,16.0,-7.0,1621005452.6
1234,17.0,3.0,1621005452.6
1235,18.0,2.0,1621005452.6
1236,2.0,3.0,1621005453.6
1237,4.0,-3.0,1621005453.6
1238,5.0,-6.0,1621005453.6
1239,6.0,4.0,1621005453.6
1240,7.0,1.0,1621005453.6
1241,9.0,-5.0,1621005453.6
1242,10.0,0.0,1621005453.6
1243,11.0,-3.0,1621005453.6
1244,12.0,-6.0,1621005453.6
1245,13.0,-2.0,1621005453.6
1246,14.0,-5.0,1621005453.6
1247,16.0,-8.0,1621005453.6
1248,17.0,2.0,1621005453.6
1249,18.0,1.0,1621005453.6
1250,2.0,3.0,1621005454.6
1251,4.0,-3.0,1621005454.6
1252,5.0,-5.0,1621005454.6
1253,6.0,4.0,1621005454.6
1254,7.0,1.0,1621005454.6
1255,9.0,-5.0,1621005454.6
1256,10.0,0.0,1621005454.6
1257,11.0,-2.0,1621005454.6
1258,12.0,-5.0,1621005454.6
1259,13.0,-1.0,1621005454.6
1260,14.0,-4.0,1621005454.6
1261,16.0,-7.0,1621005454.6
1262,17.0,2.0,1621005454.6
1263,18.0,1.0,1621005454.6
1264,2.0,3.0,1621005455.6
1265,5.0,-5.0,1621005455.6
1266,6.0,4.0,1621005455.6
1267,7.0,1.0,1621005455.6
1268,9.0,-5.0,1621005455.6
1269,10.0,0.0,1621005455.6
1270,11.0,-2.0,1621005455.6
1271,12.0,-5.0,1621005455.6
1272,13.0,-1.0,1621005455.6
1273,14.0,-4.0,1621005455.6
1274,16.0,-7.0,1621005455.6
1275,17.0,2.0,1621005455.6
1276,18.0,1.0,1621005455.6
1277,2.0,3.0,1621005456.6
1278,5.0,-5.0,1621005456.6
1279,6.0,4.0,1621005456.6
1280,7.0,1.0,1621005456.6
1281,9.0,-4.0,1621005456.6
1282,10.0,0.0,1621005456.6
1283,11.0,-2.0,1621005456.6
1284,12.0,-5.0,1621005456.6
1285,13.0,-1.0,1621005456.6
1286,14.0,-4.0,1621005456.6
1287,16.0,-7.0,1621005456.6
1288,17.0,2.0,1621005456.6
1289,18.0,1.0,1621005456.6
1290,2.0,4.0,1621005457.7
1291,5.0,-5.0,1621005457.7
1292,6.0,4.0,1621005457.7
1293,7.0,2.0,1621005457.7
1294,9.0,-4.0,1621005457.7
1295,10.0,1.0,1621005457.7
1296,11.0,-2.0,1621005457.7
1297,12.0,-5.0,1621005457.7
1298,13.0,-1.0,1621005457.7
1299,14.0,-4.0,1621005457.7
1300,16.0,-7.0,1621005457.7
1301,17.0,3.0,1621005457.7
1302,18.0,2.0,1621005457.7
1303,2.0,4.0,1621005458.7
1304,5.0,-5.0,1621005458.7
1305,6.0,4.0,1621005458.7
1306,7.0,2.0,1621005458.7
1307,9.0,-4.0,1621005458.7
1308,10.0,1.0,1621005458.7
1309,11.0,-2.0,1621005458.7
1310,13.0,-1.0,1621005458.7
1311,14.0,-4.0,1621005458.7
1312,16.0,-7.0,1621005458.7
1313,17.0,3.0,1621005458.7
1314,18.0,2.0,1621005458.7
1315,2.0,3.0,1621005459.7
1316,4.0,-2.0,1621005459.7
1317,5.0,-5.0,1621005459.7
1318,6.0,4.0,1621005459.7
1319,7.0,2.0,1621005459.7
1320,9.0,-4.0,1621005459.7
1321,10.0,0.0,1621005459.7
1322,11.0,-2.0,1621005459.7
1323,12.0,-5.0,1621005459.7
1324,13.0,-1.0,1621005459.7
1325,14.0,-4.0,1621005459.7
1326,16.0,-7.0,1621005459.7
1327,17.0,3.0,1621005459.7
1328,18.0,2.0,1621005459.7
1329,2.0,3.0,1621005460.7
1330,4.0,-2.0,1621005460.7
1331,5.0,-5.0,1621005460.7
1332,6.0,4.0,1621005460.7
1333,7.0,1.0,1621005460.7
1334,9.0,-4.0,1621005460.7
1335,10.0,0.0,1621005460.7
1336,11.0,-2.0,1621005460.7
1337,12.0,-5.0,1621005460.7
1338,13.0,-1.0,1621005460.7
1339,14.0,-4.0,1621005460.7
1340,16.0,-7.0,1621005460.7
1341,17.0,2.0,1621005460.7
1342,18.0,1.0,1621005460.7
1343,2.0,3.0,1621005461.7
1344,4.0,-3.0,1621005461.7
1345,5.0,-5.0,1621005461.7
1346,6.0,4.0,1621005461.7
1347,7.0,2.0,1621005461.7
1348,9.0,-4.0,1621005461.7
1349,10.0,0.0,1621005461.7
1350,11.0,-2.0,1621005461.7
1351,12.0,-5.0,1621005461.7
1352,13.0,-1.0,1621005461.7
1353,14.0,-4.0,1621005461.7
1354,16.0,-7.0,1621005461.7
1355,17.0,2.0,1621005461.7
1356,18.0,2.0,1621005461.7
1357,2.0,4.0,1621005462.7
1358,4.0,-2.0,1621005462.7
1359,5.0,-5.0,1621005462.7
1360,6.0,5.0,1621005462.7
1361,7.0,2.0,1621005462.7
1362,9.0,-4.0,1621005462.7
1363,10.0,1.0,1621005462.7
1364,11.0,-2.0,1621005462.7
1365,12.0,-5.0,1621005462.7
1366,13.0,-1.0,1621005462.7
1367,14.0,-4.0,1621005462.7
1368,16.0,-7.0,1621005462.7
1369,17.0,3.0,1621005462.7
1370,18.0,2.0,1621005462.7
1371,2.0,3.0,1621005463.8
1372,4.0,-3.0,1621005463.8
1373,5.0,-6.0,1621005463.8
1374,6.0,4.0,1621005463.8
1375,7.0,1.0,1621005463.8
1376,9.0,-5.0,1621005463.8
1377,10.0,0.0,1621005463.8
1378,11.0,-3.0,1621005463.8
1379,12.0,-5.0,1621005463.8
1380,13.0,-1.0,1621005463.8
1381,14.0,-5.0,1621005463.8
1382,16.0,-7.0,1621005463.8
1383,17.0,2.0,1621005463.8
1384,18.0,1.0,1621005463.8
1385,2.0,3.0,1621005464.8
1386,4.0,-3.0,1621005464.8
1387,5.0,-6.0,1621005464.8
1388,6.0,4.0,1621005464.8
1389,7.0,1.0,1621005464.8
1390,9.0,-5.0,1621005464.8
1391,10.0,0.0,1621005464.8
1392,11.0,-3.0,1621005464.8
1393,12.0,-5.0,1621005464.8
1394,13.0,-2.0,1621005464.8
1395,14.0,-5.0,1621005464.8
1396,16.0,-7.0,1621005464.8
1397,17.0,2.0,1621005464.8
1398,18.0,1.0,1621005464.8
1399,2.0,4.0,1621005465.8
1400,4.0,-2.0,1621005465.8
1401,5.0,-5.0,1621005465.8
1402,6.0,4.0,1621005465.8
1403,7.0,2.0,1621005465.8
1404,9.0,-4.0,1621005465.8
1405,10.0,1.0,1621005465.8
1406,11.0,-2.0,1621005465.8
1407,12.0,-5.0,1621005465.8
1408,13.0,-1.0,1621005465.8
1409,14.0,-4.0,1621005465.8
1410,16.0,-7.0,1621005465.8
1411,17.0,3.0,1621005465.8
1412,18.0,2.0,1621005465.8
1413,2.0,3.0,1621005466.8
1414,4.0,-3.0,1621005466.8
1415,5.0,-6.0,1621005466.8
1416,6.0,4.0,1621005466.8
1417,7.0,1.0,1621005466.8
1418,9.0,-5.0,1621005466.8
1419,10.0,0.0,1621005466.8
1420,11.0,-3.0,1621005466.8
1421,12.0,-5.0,1621005466.8
1422,13.0,-1.0,1621005466.8
1423,14.0,-5.0,1621005466.8
1424,16.0,-7.0,1621005466.8
1425,17.0,2.0,1621005466.8
1426,18.0,1.0,1621005466.8
1427,2.0,3.0,1621005467.8
1428,4.0,-3.0,1621005467.8
1429,5.0,-6.0,1621005467.8
1430,6.0,4.0,1621005467.8
1431,7.0,1.0,1621005467.8
1432,9.0,-5.0,1621005467.8
1433,10.0,0.0,1621005467.8
1434,11.0,-3.0,1621005467.8
1435,12.0,-5.0,1621005467.8
1436,13.0,-1.0,1621005467.8
1437,14.0,-4.0,1621005467.8
1438,16.0,-7.0,1621005467.8
1439,17.0,2.0,1621005467.8
1440,18.0,1.0,1621005467.8
1441,2.0,4.0,1621005468.8
1442,4.0,-2.0,1621005468.8
1443,5.0,-5.0,1621005468.8
1444,6.0,4.0,1621005468.8
1445,7.0,2.0,1621005468.8
1446,9.0,-4.0,1621005468.8
1447,10.0,1.0,1621005468.8
1448,11.0,-2.0,1621005468.8
1449,12.0,-5.0,1621005468.8
1450,13.0,-1.0,1621005468.8
1451,14.0,-4.0,1621005468.8
1452,16.0,-7.0,1621005468.8
1453,17.0,3.0,1621005468.8
1454,18.0,2.0,1621005468.8
1455,2.0,4.0,1621005469.9
1456,4.0,-2.0,1621005469.9
1457,5.0,-5.0,1621005469.9
1458,6.0,4.0,1621005469.9
1459,7.0,2.0,1621005469.9
1460,9.0,-4.0,1621005469.9
1461,10.0,0.0,1621005469.9
1462,11.0,-2.0,1621005469.9
1463,12.0,-5.0,1621005469.9
1464,13.0,-1.0,1621005469.9
1465,14.0,-4.0,1621005469.9
1466,16.0,-7.0,1621005469.9
1467,17.0,3.0,1621005469.9
1468,18.0,2.0,1621005469.9
1469,2.0,4.0,1621005470.9
1470,4.0,-2.0,1621005470.9
1471,5.0,-5.0,1621005470.9
1472,6.0,4.0,1621005470.9
1473,7.0,2.0,1621005470.9
1474,9.0,-4.0,1621005470.9
1475,10.0,1.0,1621005470.9
1476,11.0,-2.0,1621005470.9
1477,12.0,-5.0,1621005470.9
1478,13.0,-1.0,1621005470.9
1479,14.0,-4.0,1621005470.9
1480,16.0,-7.0,1621005470.9
1481,17.0,3.0,1621005470.9
1482,18.0,2.0,1621005470.9
1483,2.0,3.0,1621005471.9
1484,4.0,-3.0,1621005471.9
1485,5.0,-6.0,1621005471.9
1486,6.0,4.0,1621005471.9
1487,7.0,1.0,1621005471.9
1488,9.0,-5.0,1621005471.9
1489,10.0,0.0,1621005471.9
1490,11.0,-3.0,1621005471.9
1491,12.0,-5.0,1621005471.9
1492,13.0,-1.0,1621005471.9
1493,14.0,-4.0,1621005471.9
1494,16.0,-7.0,1621005471.9
1495,17.0,2.0,1621005471.9
1496,18.0,1.0,1621005471.9
1497,2.0,3.0,1621005472.9
1498,4.0,-3.0,1621005472.9
1499,5.0,-5.0,1621005472.9
1500,6.0,4.0,1621005472.9
1501,7.0,1.0,1621005472.9
1502,9.0,-4.0,1621005472.9
1503,10.0,0.0,1621005472.9
1504,11.0,-2.0,1621005472.9
1505,12.0,-5.0,1621005472.9
1506,13.0,-1.0,1621005472.9
1507,14.0,-4.0,1621005472.9
1508,16.0,-7.0,1621005472.9
1509,17.0,2.0,1621005472.9
1510,18.0,1.0,1621005472.9
1511,2.0,3.0,1621005473.9
1512,4.0,-3.0,1621005473.9
1513,5.0,-6.0,1621005473.9
1514,6.0,4.0,1621005473.9
1515,7.0,1.0,1621005473.9
1516,9.0,-5.0,1621005473.9
1517,10.0,0.0,1621005473.9
1518,11.0,-3.0,1621005473.9
1519,12.0,-5.0,1621005473.9
1520,13.0,-1.0,1621005473.9
1521,14.0,-5.0,1621005473.9
1522,16.0,-7.0,1621005473.9
1523,17.0,2.0,1621005473.9
1524,18.0,1.0,1621005473.9
1525,2.0,3.0,1621005474.9
1526,4.0,-3.0,1621005474.9
1527,5.0,-6.0,1621005474.9
1528,6.0,4.0,1621005474.9
1529,7.0,1.0,1621005474.9
1530,9.0,-5.0,1621005474.9
1531,10.0,0.0,1621005474.9
1532,11.0,-3.0,1621005474.9
1533,12.0,-5.0,1621005474.9
1534,13.0,-2.0,1621005474.9
1535,14.0,-5.0,1621005474.9
1536,16.0,-7.0,1621005474.9
1537,17.0,2.0,1621005474.9
1538,18.0,1.0,1621005474.9
1539,2.0,3.0,1621005476.0
1540,4.0,-3.0,1621005476.0
1541,5.0,-6.0,1621005476.0
1542,6.0,4.0,1621005476.0
1543,7.0,1.0,1621005476.0
1544,9.0,-5.0,1621005476.0
1545,10.0,0.0,1621005476.0
1546,11.0,-3.0,1621005476.0
1547,12.0,-5.0,1621005476.0
1548,13.0,-2.0,1621005476.0
1549,14.0,-5.0,1621005476.0
1550,16.0,-7.0,1621005476.0
1551,17.0,2.0,1621005476.0
1552,18.0,1.0,1621005476.0
1553,2.0,3.0,1621005477.0
1554,4.0,-3.0,1621005477.0
1555,5.0,-6.0,1621005477.0
1556,6.0,4.0,1621005477.0
1557,7.0,1.0,1621005477.0
1558,9.0,-5.0,1621005477.0
1559,10.0,0.0,1621005477.0
1560,11.0,-3.0,1621005477.0
1561,12.0,-5.0,1621005477.0
1562,13.0,-2.0,1621005477.0
1563,14.0,-5.0,1621005477.0
1564,16.0,-7.0,1621005477.0
1565,17.0,2.0,1621005477.0
1566,18.0,1.0,1621005477.0
1567,2.0,3.0,1621005478.0
1568,4.0,-3.0,1621005478.0
1569,5.0,-6.0,1621005478.0
1570,6.0,4.0,1621005478.0
1571,7.0,1.0,1621005478.0
1572,9.0,-5.0,1621005478.0
1573,10.0,0.0,1621005478.0
1574,11.0,-3.0,1621005478.0
1575,12.0,-6.0,1621005478.0
1576,13.0,-2.0,1621005478.0
1577,14.0,-5.0,1621005478.0
1578,16.0,-7.0,1621005478.0
1579,17.0,2.0,1621005478.0
1580,18.0,1.0,1621005478.0
1581,2.0,4.0,1621005479.0
1582,5.0,-5.0,1621005479.0
1583,6.0,4.0,1621005479.0
1584,7.0,2.0,1621005479.0
1585,9.0,-4.0,1621005479.0
1586,10.0,1.0,1621005479.0
1587,11.0,-2.0,1621005479.0
1588,12.0,-5.0,1621005479.0
1589,13.0,-1.0,1621005479.0
1590,14.0,-4.0,1621005479.0
1591,16.0,-7.0,1621005479.0
1592,17.0,3.0,1621005479.0
1593,18.0,2.0,1621005479.0
1594,2.0,3.0,1621005480.0
1595,5.0,-5.0,1621005480.0
1596,6.0,4.0,1621005480.0
1597,7.0,1.0,1621005480.0
1598,9.0,-4.0,1621005480.0
1599,10.0,0.0,1621005480.0
1600,11.0,-2.0,1621005480.0
1601,12.0,-5.0,1621005480.0
1602,13.0,-1.0,1621005480.0
1603,14.0,-4.0,1621005480.0
1604,16.0,-7.0,1621005480.0
1605,17.0,2.0,1621005480.0
1606,18.0,1.0,1621005480.0
1607,2.0,3.0,1621005481.0
1608,5.0,-5.0,1621005481.0
1609,6.0,4.0,1621005481.0
1610,7.0,1.0,1621005481.0
1611,9.0,-5.0,1621005481.0
1612,10.0,0.0,1621005481.0
1613,11.0,-2.0,1621005481.0
1614,12.0,-5.0,1621005481.0
1615,13.0,-1.0,1621005481.0
1616,14.0,-4.0,1621005481.0
1617,16.0,-7.0,1621005481.0
1618,17.0,2.0,1621005481.0
1619,18.0,1.0,1621005481.0
1620,2.0,4.0,1621005482.1
1621,5.0,-5.0,1621005482.1
1622,6.0,4.0,1621005482.1
1623,7.0,2.0,1621005482.1
1624,9.0,-4.0,1621005482.1
1625,10.0,1.0,1621005482.1
1626,11.0,-2.0,1621005482.1
1627,12.0,-5.0,1621005482.1
1628,13.0,-1.0,1621005482.1
1629,14.0,-4.0,1621005482.1
1630,16.0,-7.0,1621005482.1
1631,17.0,3.0,1621005482.1
1632,18.0,2.0,1621005482.1
1633,2.0,3.0,1621005483.1
1634,5.0,-6.0,1621005483.1
1635,6.0,4.0,1621005483.1
1636,7.0,1.0,1621005483.1
1637,9.0,-5.0,1621005483.1
1638,10.0,0.0,1621005483.1
1639,11.0,-3.0,1621005483.1
1640,12.0,-5.0,1621005483.1
1641,13.0,-1.0,1621005483.1
1642,14.0,-4.0,1621005483.1
1643,16.0,-7.0,1621005483.1
1644,17.0,2.0,1621005483.1
1645,18.0,1.0,1621005483.1
1646,2.0,3.0,1621005484.1
1647,5.0,-5.0,1621005484.1
1648,6.0,4.0,1621005484.1
1649,7.0,1.0,1621005484.1
1650,9.0,-5.0,1621005484.1
1651,10.0,0.0,1621005484.1
1652,11.0,-2.0,1621005484.1
1653,12.0,-5.0,1621005484.1
1654,13.0,-1.0,1621005484.1
1655,14.0,-4.0,1621005484.1
1656,16.0,-7.0,1621005484.1
1657,17.0,2.0,1621005484.1
1658,18.0,1.0,1621005484.1
1659,2.0,3.0,1621005485.1
1660,5.0,-5.0,1621005485.1
1661,6.0,4.0,1621005485.1
1662,7.0,1.0,1621005485.1
1663,9.0,-5.0,1621005485.1
1664,10.0,0.0,1621005485.1
1665,11.0,-2.0,1621005485.1
1666,12.0,-5.0,1621005485.1
1667,13.0,-1.0,1621005485.1
1668,14.0,-4.0,1621005485.1
1669,16.0,-7.0,1621005485.1
1670,17.0,2.0,1621005485.1
1671,18.0,1.0,1621005485.1
1672,2.0,3.0,1621005486.1
1673,5.0,-6.0,1621005486.1
1674,6.0,4.0,1621005486.1
1675,7.0,1.0,1621005486.1
1676,9.0,-5.0,1621005486.1
1677,10.0,0.0,1621005486.1
1678,11.0,-2.0,1621005486.1
1679,12.0,-5.0,1621005486.1
1680,13.0,-1.0,1621005486.1
1681,14.0,-4.0,1621005486.1
1682,16.0,-7.0,1621005486.1
1683,17.0,2.0,1621005486.1
1684,18.0,1.0,1621005486.1
1685,2.0,3.0,1621005487.1
1686,5.0,-6.0,1621005487.1
1687,6.0,4.0,1621005487.1
1688,7.0,1.0,1621005487.1
1689,9.0,-5.0,1621005487.1
1690,10.0,0.0,1621005487.1
1691,11.0,-3.0,1621005487.1
1692,12.0,-5.0,1621005487.1
1693,13.0,-1.0,1621005487.1
1694,14.0,-5.0,1621005487.1
1695,16.0,-7.0,1621005487.1
1696,17.0,2.0,1621005487.1
1697,18.0,1.0,1621005487.1
1698,2.0,4.0,1621005488.2
1699,4.0,-2.0,1621005488.2
1700,5.0,-5.0,1621005488.2
1701,6.0,5.0,1621005488.2
1702,7.0,2.0,1621005488.2
1703,9.0,-4.0,1621005488.2
1704,10.0,1.0,1621005488.2
1705,11.0,-2.0,1621005488.2
1706,12.0,-5.0,1621005488.2
1707,13.0,-1.0,1621005488.2
1708,14.0,-4.0,1621005488.2
1709,16.0,-7.0,1621005488.2
1710,17.0,3.0,1621005488.2
1711,18.0,2.0,1621005488.2
1712,2.0,3.0,1621005489.2
1713,4.0,-2.0,1621005489.2
1714,5.0,-5.0,1621005489.2
1715,6.0,4.0,1621005489.2
1716,7.0,2.0,1621005489.2
1717,9.0,-4.0,1621005489.2
1718,10.0,0.0,1621005489.2
1719,11.0,-2.0,1621005489.2
1720,12.0,-5.0,1621005489.2
1721,13.0,-1.0,1621005489.2
1722,14.0,-4.0,1621005489.2
1723,16.0,-7.0,1621005489.2
1724,17.0,3.0,1621005489.2
1725,18.0,2.0,1621005489.2
1726,2.0,3.0,1621005490.2
1727,4.0,-3.0,1621005490.2
1728,5.0,-6.0,1621005490.2
1729,6.0,4.0,1621005490.2
1730,7.0,1.0,1621005490.2
1731,9.0,-5.0,1621005490.2
1732,10.0,0.0,1621005490.2
1733,11.0,-3.0,1621005490.2
1734,12.0,-5.0,1621005490.2
1735,13.0,-1.0,1621005490.2
1736,14.0,-4.0,1621005490.2
1737,16.0,-7.0,1621005490.2
1738,17.0,2.0,1621005490.2
1739,18.0,1.0,1621005490.2
1740,2.0,4.0,1621005491.2
1741,4.0,-2.0,1621005491.2
1742,5.0,-5.0,1621005491.2
1743,6.0,5.0,1621005491.2
1744,7.0,2.0,1621005491.2
1745,9.0,-4.0,1621005491.2
1746,10.0,1.0,1621005491.2
1747,11.0,-2.0,1621005491.2
1748,12.0,-5.0,1621005491.2
1749,13.0,-1.0,1621005491.2
1750,14.0,-4.0,1621005491.2
1751,16.0,-7.0,1621005491.2
1752,17.0,3.0,1621005491.2
1753,18.0,2.0,1621005491.2
1754,2.0,3.0,1621005492.2
1755,4.0,-2.0,1621005492.2
1756,5.0,-5.0,1621005492.2
1757,6.0,4.0,1621005492.2
1758,7.0,2.0,1621005492.2
1759,9.0,-4.0,1621005492.2
1760,10.0,0.0,1621005492.2
1761,11.0,-2.0,1621005492.2
1762,12.0,-5.0,1621005492.2
1763,13.0,-1.0,1621005492.2
1764,14.0,-4.0,1621005492.2
1765,16.0,-7.0,1621005492.2
1766,17.0,2.0,1621005492.2
1767,18.0,2.0,1621005492.2
1768,2.0,4.0,1621005493.2
1769,4.0,-2.0,1621005493.2
1770,5.0,-5.0,1621005493.2
1771,6.0,4.0,1621005493.2
1772,7.0,2.0,1621005493.2
1773,9.0,-4.0,1621005493.2
1774,10.0,1.0,1621005493.2
1775,11.0,-2.0,1621005493.2
1776,12.0,-5.0,1621005493.2
1777,13.0,-1.0,1621005493.2
1778,14.0,-4.0,1621005493.2
1779,16.0,-7.0,1621005493.2
1780,17.0,3.0,1621005493.2
1781,18.0,2.0,1621005493.2
1782,2.0,3.0,1621005494.3
1783,4.0,-3.0,1621005494.3
1784,5.0,-6.0,1621005494.3
1785,6.0,4.0,1621005494.3
1786,7.0,1.0,1621005494.3
1787,9.0,-5.0,1621005494.3
1788,10.0,0.0,1621005494.3
1789,11.0,-3.0,1621005494.3
1790,12.0,-5.0,1621005494.3
1791,13.0,-2.0,1621005494.3
1792,14.0,-5.0,1621005494.3
1793,16.0,-7.0,1621005494.3
1794,17.0,2.0,1621005494.3
1795,18.0,1.0,1621005494.3
1796,2.0,3.0,1621005495.3
1797,4.0,-2.0,1621005495.3
1798,5.0,-5.0,1621005495.3
1799,6.0,4.0,1621005495.3
1800,7.0,1.0,1621005495.3
1801,9.0,-5.0,1621005495.3
1802,10.0,0.0,1621005495.3
1803,11.0,-2.0,1621005495.3
1804,12.0,-5.0,1621005495.3
1805,13.0,-1.0,1621005495.3
1806,14.0,-4.0,1621005495.3
1807,16.0,-7.0,1621005495.3
1808,17.0,2.0,1621005495.3
1809,18.0,1.0,1621005495.3
1810,2.0,3.0,1621005496.3
1811,4.0,-3.0,1621005496.3
1812,5.0,-5.0,1621005496.3
1813,6.0,4.0,1621005496.3
1814,7.0,1.0,1621005496.3
1815,9.0,-5.0,1621005496.3
1816,10.0,0.0,1621005496.3
1817,11.0,-2.0,1621005496.3
1818,12.0,-5.0,1621005496.3
1819,13.0,-1.0,1621005496.3
1820,14.0,-4.0,1621005496.3
1821,16.0,-7.0,1621005496.3
1822,17.0,2.0,1621005496.3
1823,18.0,1.0,1621005496.3
1824,2.0,3.0,1621005497.3
1825,4.0,-3.0,1621005497.3
1826,5.0,-6.0,1621005497.3
1827,6.0,4.0,1621005497.3
1828,7.0,1.0,1621005497.3
1829,9.0,-5.0,1621005497.3
1830,10.0,0.0,1621005497.3
1831,11.0,-3.0,1621005497.3
1832,12.0,-6.0,1621005497.3
1833,13.0,-2.0,1621005497.3
1834,14.0,-5.0,1621005497.3
1835,16.0,-7.0,1621005497.3
1836,17.0,2.0,1621005497.3
1837,18.0,1.0,1621005497.3
1838,2.0,4.0,1621005498.3
1839,4.0,-2.0,1621005498.3
1840,5.0,-5.0,1621005498.3
1841,6.0,4.0,1621005498.3
1842,7.0,2.0,1621005498.3
1843,9.0,-4.0,1621005498.3
1844,10.0,0.0,1621005498.3
1845,11.0,-2.0,1621005498.3
1846,12.0,-5.0,1621005498.3
1847,13.0,-1.0,1621005498.3
1848,14.0,-4.0,1621005498.3
1849,16.0,-7.0,1621005498.3
1850,17.0,3.0,1621005498.3
1851,18.0,2.0,1621005498.3
1852,2.0,3.0,1621005499.3
1853,5.0,-6.0,1621005499.3
1854,6.0,4.0,1621005499.3
1855,7.0,1.0,1621005499.3
1856,9.0,-5.0,1621005499.3
1857,10.0,0.0,1621005499.3
1858,11.0,-3.0,1621005499.3
1859,12.0,-5.0,1621005499.3
1860,13.0,-2.0,1621005499.3
1861,14.0,-5.0,1621005499.3
1862,16.0,-7.0,1621005499.3
1863,17.0,2.0,1621005499.3
1864,18.0,1.0,1621005499.3
1865,2.0,3.0,1621005500.4
1866,5.0,-6.0,1621005500.4
1867,6.0,4.0,1621005500.4
1868,7.0,1.0,1621005500.4
1869,9.0,-5.0,1621005500.4
1870,10.0,0.0,1621005500.4
1871,11.0,-3.0,1621005500.4
1872,12.0,-5.0,1621005500.4
1873,13.0,-1.0,1621005500.4
1874,14.0,-5.0,1621005500.4
1875,16.0,-7.0,1621005500.4
1876,17.0,2.0,1621005500.4
1877,18.0,1.0,1621005500.4
1878,2.0,3.0,1621005501.4
1879,5.0,-6.0,1621005501.4
1880,6.0,4.0,1621005501.4
1881,7.0,1.0,1621005501.4
1882,9.0,-5.0,1621005501.4
1883,10.0,0.0,1621005501.4
1884,11.0,-3.0,1621005501.4
1885,12.0,-5.0,1621005501.4
1886,13.0,-1.0,1621005501.4
1887,14.0,-5.0,1621005501.4
1888,16.0,-7.0,1621005501.4
1889,17.0,2.0,1621005501.4
1890,18.0,1.0,1621005501.4
1891,2.0,4.0,1621005502.4
1892,4.0,-2.0,1621005502.4
1893,5.0,-5.0,1621005502.4
1894,6.0,5.0,1621005502.4
1895,7.0,2.0,1621005502.4
1896,9.0,-4.0,1621005502.4
1897,10.0,1.0,1621005502.4
1898,11.0,-2.0,1621005502.4
1899,12.0,-4.0,1621005502.4
1900,13.0,-1.0,1621005502.4
1901,14.0,-4.0,1621005502.4
1902,16.0,-6.0,1621005502.4
1903,17.0,3.0,1621005502.4
1904,18.0,2.0,1621005502.4
1905,2.0,3.0,1621005503.4
1906,4.0,-2.0,1621005503.4
1907,5.0,-5.0,1621005503.4
1908,6.0,4.0,1621005503.4
1909,7.0,2.0,1621005503.4
1910,9.0,-4.0,1621005503.4
1911,10.0,0.0,1621005503.4
1912,11.0,-2.0,1621005503.4
1913,12.0,-5.0,1621005503.4
1914,13.0,-1.0,1621005503.4
1915,14.0,-4.0,1621005503.4
1916,16.0,-7.0,1621005503.4
1917,17.0,2.0,1621005503.4
1918,18.0,2.0,1621005503.4
1919,2.0,4.0,1621005504.4
1920,4.0,-2.0,1621005504.4
1921,5.0,-5.0,1621005504.4
1922,6.0,4.0,1621005504.4
1923,7.0,2.0,1621005504.4
1924,9.0,-4.0,1621005504.4
1925,10.0,1.0,1621005504.4
1926,11.0,-2.0,1621005504.4
1927,12.0,-5.0,1621005504.4
1928,13.0,-1.0,1621005504.4
1929,14.0,-4.0,1621005504.4
1930,16.0,-7.0,1621005504.4
1931,17.0,3.0,1621005504.4
1932,18.0,2.0,1621005504.4
1933,2.0,3.0,1621005505.4
1934,4.0,-3.0,1621005505.4
1935,5.0,-5.0,1621005505.4
1936,6.0,4.0,1621005505.4
1937,7.0,1.0,1621005505.4
1938,9.0,-5.0,1621005505.4
1939,10.0,0.0,1621005505.4
1940,11.0,-2.0,1621005505.4
1941,12.0,-5.0,1621005505.4
1942,13.0,-1.0,1621005505.4
1943,14.0,-4.0,1621005505.4
1944,16.0,-7.0,1621005505.4
1945,17.0,2.0,1621005505.4
1946,18.0,1.0,1621005505.4
1947,2.0,3.0,1621005506.5
1948,4.0,-3.0,1621005506.5
1949,5.0,-5.0,1621005506.5
1950,6.0,4.0,1621005506.5
1951,7.0,1.0,1621005506.5
1952,9.0,-5.0,1621005506.5
1953,10.0,0.0,1621005506.5
1954,11.0,-2.0,1621005506.5
1955,12.0,-5.0,1621005506.5
1956,13.0,-1.0,1621005506.5
1957,14.0,-4.0,1621005506.5
1958,16.0,-7.0,1621005506.5
1959,17.0,2.0,1621005506.5
1960,18.0,1.0,1621005506.5
1961,2.0,3.0,1621005507.5
1962,4.0,-3.0,1621005507.5
1963,5.0,-5.0,1621005507.5
1964,6.0,4.0,1621005507.5
1965,7.0,1.0,1621005507.5
1966,9.0,-4.0,1621005507.5
1967,10.0,0.0,1621005507.5
1968,11.0,-2.0,1621005507.5
1969,12.0,-5.0,1621005507.5
1970,13.0,-1.0,1621005507.5
1971,14.0,-4.0,1621005507.5
1972,16.0,-7.0,1621005507.5
1973,17.0,2.0,1621005507.5
1974,18.0,2.0,1621005507.5
1975,2.0,3.0,1621005508.5
1976,4.0,-3.0,1621005508.5
1977,5.0,-6.0,1621005508.5
1978,6.0,4.0,1621005508.5
1979,7.0,1.0,1621005508.5
1980,9.0,-5.0,1621005508.5
1981,10.0,0.0,1621005508.5
1982,11.0,-3.0,1621005508.5
1983,12.0,-5.0,1621005508.5
1984,13.0,-1.0,1621005508.5
1985,14.0,-5.0,1621005508.5
1986,16.0,-7.0,1621005508.5
1987,17.0,2.0,1621005508.5
1988,18.0,1.0,1621005508.5
1989,2.0,3.0,1621005509.5
1990,4.0,-3.0,1621005509.5
1991,5.0,-6.0,1621005509.5
1992,6.0,4.0,1621005509.5
1993,7.0,1.0,1621005509.5
1994,9.0,-5.0,1621005509.5
1995,10.0,0.0,1621005509.5
1996,11.0,-3.0,1621005509.5
1997,12.0,-5.0,1621005509.5
1998,13.0,-1.0,1621005509.5
1999,14.0,-4.0,1621005509.5
2000,16.0,-7.0,1621005509.5
2001,17.0,2.0,1621005509.5
2002,18.0,1.0,1621005509.5
2003,2.0,3.0,1621005510.5
2004,4.0,-2.0,1621005510.5
2005,5.0,-5.0,1621005510.5
2006,6.0,4.0,1621005510.5
2007,7.0,1.0,1621005510.5
2008,9.0,-5.0,1621005510.5
2009,10.0,0.0,1621005510.5
2010,11.0,-2.0,1621005510.5
2011,12.0,-5.0,1621005510.5
2012,13.0,-1.0,1621005510.5
2013,14.0,-4.0,1621005510.5
2014,16.0,-7.0,1621005510.5
2015,17.0,2.0,1621005510.5
2016,18.0,1.0,1621005510.5
2017,2.0,4.0,1621005511.5
2018,4.0,-2.0,1621005511.5
2019,5.0,-5.0,1621005511.5
2020,6.0,4.0,1621005511.5
2021,7.0,2.0,1621005511.5
2022,9.0,-4.0,1621005511.5
2023,10.0,0.0,1621005511.5
2024,11.0,-2.0,1621005511.5
2025,12.0,-5.0,1621005511.5
2026,13.0,-1.0,1621005511.5
2027,14.0,-4.0,1621005511.5
2028,16.0,-7.0,1621005511.5
2029,17.0,2.0,1621005511.5
2030,18.0,2.0,1621005511.5
2031,2.0,3.0,1621005512.6
2032,4.0,-3.0,1621005512.6
2033,5.0,-5.0,1621005512.6
2034,6.0,4.0,1621005512.6
2035,7.0,1.0,1621005512.6
2036,9.0,-5.0,1621005512.6
2037,10.0,0.0,1621005512.6
2038,11.0,-2.0,1621005512.6
2039,12.0,-5.0,1621005512.6
2040,13.0,-1.0,1621005512.6
2041,14.0,-4.0,1621005512.6
2042,16.0,-7.0,1621005512.6
2043,17.0,2.0,1621005512.6
2044,18.0,1.0,1621005512.6
2045,2.0,3.0,1621005513.6
2046,4.0,-3.0,1621005513.6
2047,5.0,-6.0,1621005513.6
2048,6.0,4.0,1621005513.6
2049,7.0,1.0,1621005513.6
2050,9.0,-5.0,1621005513.6
2051,10.0,0.0,1621005513.6
2052,11.0,-3.0,1621005513.6
2053,12.0,-5.0,1621005513.6
2054,13.0,-2.0,1621005513.6
2055,14.0,-5.0,1621005513.6
2056,16.0,-7.0,1621005513.6
2057,17.0,2.0,1621005513.6
2058,18.0,1.0,1621005513.6
2059,2.0,4.0,1621005514.6
2060,4.0,-2.0,1621005514.6
2061,5.0,-5.0,1621005514.6
2062,6.0,5.0,1621005514.6
2063,7.0,2.0,1621005514.6
2064,9.0,-4.0,1621005514.6
2065,10.0,1.0,1621005514.6
2066,11.0,-2.0,1621005514.6
2067,12.0,-5.0,1621005514.6
2068,13.0,-1.0,1621005514.6
2069,14.0,-4.0,1621005514.6
2070,16.0,-7.0,1621005514.6
2071,17.0,3.0,1621005514.6
2072,18.0,2.0,1621005514.6
2073,2.0,3.0,1621005515.6
2074,4.0,-2.0,1621005515.6
2075,5.0,-5.0,1621005515.6
2076,6.0,4.0,1621005515.6
2077,7.0,1.0,1621005515.6
2078,9.0,-5.0,1621005515.6
2079,10.0,0.0,1621005515.6
2080,11.0,-2.0,1621005515.6
2081,12.0,-5.0,1621005515.6
2082,13.0,-1.0,1621005515.6
2083,14.0,-4.0,1621005515.6
2084,16.0,-7.0,1621005515.6
2085,17.0,2.0,1621005515.6
2086,18.0,1.0,1621005515.6
2087,2.0,3.0,1621005516.6
2088,4.0,-3.0,1621005516.6
2089,5.0,-6.0,1621005516.6
2090,6.0,4.0,1621005516.6
2091,7.0,1.0,1621005516.6
2092,9.0,-5.0,1621005516.6
2093,10.0,0.0,1621005516.6
2094,11.0,-3.0,1621005516.6
2095,12.0,-5.0,1621005516.6
2096,13.0,-2.0,1621005516.6
2097,14.0,-5.0,1621005516.6
2098,16.0,-7.0,1621005516.6
2099,17.0,2.0,1621005516.6
2100,18.0,1.0,1621005516.6
2101,2.0,3.0,1621005517.6
2102,4.0,-2.0,1621005517.6
2103,5.0,-5.0,1621005517.6
2104,6.0,4.0,1621005517.6
2105,7.0,1.0,1621005517.6
2106,9.0,-5.0,1621005517.6
2107,10.0,0.0,1621005517.6
2108,11.0,-2.0,1621005517.6
2109,12.0,-5.0,1621005517.6
2110,13.0,-1.0,1621005517.6
2111,14.0,-4.0,1621005517.6
2112,16.0,-7.0,1621005517.6
2113,17.0,2.0,1621005517.6
2114,18.0,1.0,1621005517.6
2115,2.0,3.0,1621005518.7
2116,5.0,-5.0,1621005518.7
2117,6.0,4.0,1621005518.7
2118,7.0,2.0,1621005518.7
2119,9.0,-4.0,1621005518.7
2120,10.0,0.0,1621005518.7
2121,11.0,-2.0,1621005518.7
2122,12.0,-5.0,1621005518.7
2123,13.0,-1.0,1621005518.7
2124,14.0,-4.0,1621005518.7
2125,16.0,-7.0,1621005518.7
2126,17.0,2.0,1621005518.7
2127,18.0,2.0,1621005518.7
2128,2.0,3.0,1621005519.7
2129,5.0,-5.0,1621005519.7
2130,6.0,4.0,1621005519.7
2131,7.0,1.0,1621005519.7
2132,9.0,-5.0,1621005519.7
2133,10.0,0.0,1621005519.7
2134,11.0,-2.0,1621005519.7
2135,12.0,-5.0,1621005519.7
2136,13.0,-1.0,1621005519.7
2137,14.0,-4.0,1621005519.7
2138,16.0,-7.0,1621005519.7
2139,17.0,2.0,1621005519.7
2140,18.0,1.0,1621005519.7
2141,2.0,3.0,1621005520.7
2142,5.0,-6.0,1621005520.7
2143,6.0,4.0,1621005520.7
2144,7.0,1.0,1621005520.7
2145,9.0,-5.0,1621005520.7
2146,10.0,0.0,1621005520.7
2147,11.0,-3.0,1621005520.7
2148,12.0,-6.0,1621005520.7
2149,13.0,-2.0,1621005520.7
2150,14.0,-5.0,1621005520.7
2151,16.0,-7.0,1621005520.7
2152,17.0,2.0,1621005520.7
2153,18.0,1.0,1621005520.7
2154,2.0,4.0,1621005521.7
2155,5.0,-5.0,1621005521.7
2156,6.0,4.0,1621005521.7
2157,7.0,2.0,1621005521.7
2158,9.0,-4.0,1621005521.7
2159,10.0,1.0,1621005521.7
2160,11.0,-2.0,1621005521.7
2161,12.0,-5.0,1621005521.7
2162,13.0,-1.0,1621005521.7
2163,14.0,-4.0,1621005521.7
2164,16.0,-7.0,1621005521.7
2165,17.0,3.0,1621005521.7
2166,18.0,2.0,1621005521.7
2167,2.0,3.0,1621005522.7
2168,5.0,-6.0,1621005522.7
2169,6.0,4.0,1621005522.7
2170,7.0,1.0,1621005522.7
2171,9.0,-5.0,1621005522.7
2172,10.0,0.0,1621005522.7
2173,11.0,-3.0,1621005522.7
2174,12.0,-5.0,1621005522.7
2175,13.0,-1.0,1621005522.7
2176,14.0,-5.0,1621005522.7
2177,16.0,-7.0,1621005522.7
2178,17.0,2.0,1621005522.7
2179,18.0,1.0,1621005522.7
2180,2.0,3.0,1621005523.7
2181,5.0,-6.0,1621005523.7
2182,6.0,4.0,1621005523.7
2183,7.0,1.0,1621005523.7
2184,9.0,-5.0,1621005523.7
2185,10.0,0.0,1621005523.7
2186,11.0,-2.0,1621005523.7
2187,12.0,-5.0,1621005523.7
2188,13.0,-1.0,1621005523.7
2189,14.0,-4.0,1621005523.7
2190,16.0,-7.0,1621005523.7
2191,17.0,2.0,1621005523.7
2192,18.0,1.0,1621005523.7
2193,2.0,3.0,1621005524.8
2194,4.0,-3.0,1621005524.8
2195,5.0,-6.0,1621005524.8
2196,6.0,4.0,1621005524.8
2197,7.0,1.0,1621005524.8
2198,9.0,-5.0,1621005524.8
2199,10.0,0.0,1621005524.8
2200,11.0,-3.0,1621005524.8
2201,12.0,-5.0,1621005524.8
2202,13.0,-1.0,1621005524.8
2203,14.0,-5.0,1621005524.8
2204,16.0,-7.0,1621005524.8
2205,17.0,2.0,1621005524.8
2206,18.0,1.0,1621005524.8
2207,2.0,3.0,1621005525.8
2208,4.0,-3.0,1621005525.8
2209,5.0,-6.0,1621005525.8
2210,6.0,4.0,1621005525.8
2211,7.0,1.0,1621005525.8
2212,9.0,-5.0,1621005525.8
2213,10.0,0.0,1621005525.8
2214,11.0,-3.0,1621005525.8
2215,12.0,-6.0,1621005525.8
2216,13.0,-2.0,1621005525.8
2217,14.0,-5.0,1621005525.8
2218,16.0,-7.0,1621005525.8
2219,17.0,2.0,1621005525.8
2220,18.0,1.0,1621005525.8
2221,2.0,4.0,1621005526.8
2222,4.0,-2.0,1621005526.8
2223,5.0,-5.0,1621005526.8
2224,6.0,4.0,1621005526.8
2225,7.0,2.0,1621005526.8
2226,9.0,-4.0,1621005526.8
2227,10.0,1.0,1621005526.8
2228,11.0,-2.0,1621005526.8
2229,12.0,-5.0,1621005526.8
2230,13.0,-1.0,1621005526.8
2231,14.0,-4.0,1621005526.8
2232,16.0,-7.0,1621005526.8
2233,17.0,3.0,1621005526.8
2234,18.0,2.0,1621005526.8
2235,2.0,4.0,1621005527.8
2236,4.0,-2.0,1621005527.8
2237,5.0,-5.0,1621005527.8
2238,6.0,4.0,1621005527.8
2239,7.0,2.0,1621005527.8
2240,9.0,-4.0,1621005527.8
2241,10.0,0.0,1621005527.8
2242,11.0,-2.0,1621005527.8
2243,12.0,-5.0,1621005527.8
2244,13.0,-1.0,1621005527.8
2245,14.0,-4.0,1621005527.8
2246,16.0,-7.0,1621005527.8
2247,17.0,3.0,1621005527.8
2248,18.0,2.0,1621005527.8
2249,2.0,4.0,1621005528.8
2250,4.0,-2.0,1621005528.8
2251,5.0,-5.0,1621005528.8
2252,6.0,4.0,1621005528.8
2253,7.0,2.0,1621005528.8
2254,9.0,-4.0,1621005528.8
2255,10.0,1.0,1621005528.8
2256,11.0,-2.0,1621005528.8
2257,12.0,-5.0,1621005528.8
2258,13.0,-1.0,1621005528.8
2259,14.0,-4.0,1621005528.8
2260,16.0,-7.0,1621005528.8
2261,17.0,3.0,1621005528.8
2262,18.0,2.0,1621005528.8
2263,2.0,3.0,1621005529.8
2264,4.0,-2.0,1621005529.8
2265,5.0,-5.0,1621005529.8
2266,6.0,4.0,1621005529.8
2267,7.0,1.0,1621005529.8
2268,9.0,-4.0,1621005529.8
2269,10.0,0.0,1621005529.8
2270,11.0,-2.0,1621005529.8
2271,12.0,-5.0,1621005529.8
2272,13.0,-1.0,1621005529.8
2273,14.0,-4.0,1621005529.8
2274,16.0,-7.0,1621005529.8
2275,17.0,2.0,1621005529.8
2276,18.0,2.0,1621005529.8
2277,2.0,3.0,1621005530.9
2278,4.0,-3.0,1621005530.9
2279,5.0,-6.0,1621005530.9
2280,6.0,4.0,1621005530.9
2281,7.0,1.0,1621005530.9
2282,9.0,-5.0,1621005530.9
2283,10.0,0.0,1621005530.9
2284,11.0,-3.0,1621005530.9
2285,12.0,-5.0,1621005530.9
2286,13.0,-1.0,1621005530.9
2287,14.0,-4.0,1621005530.9
2288,16.0,-7.0,1621005530.9
2289,17.0,2.0,1621005530.9
2290,18.0,1.0,1621005530.9
2291,2.0,4.0,1621005531.9
2292,4.0,-2.0,1621005531.9
2293,5.0,-5.0,1621005531.9
2294,6.0,4.0,1621005531.9
2295,7.0,2.0,1621005531.9
2296,9.0,-4.0,1621005531.9
2297,10.0,0.0,1621005531.9
2298,11.0,-2.0,1621005531.9
2299,12.0,-5.0,1621005531.9
2300,13.0,-1.0,1621005531.9
2301,14.0,-4.0,1621005531.9
2302,16.0,-7.0,1621005531.9
2303,17.0,2.0,1621005531.9
2304,18.0,2.0,1621005531.9
2305,2.0,3.0,1621005532.9
2306,4.0,-3.0,1621005532.9
2307,5.0,-5.0,1621005532.9
2308,6.0,4.0,1621005532.9
2309,7.0,1.0,1621005532.9
2310,9.0,-5.0,1621005532.9
2311,10.0,0.0,1621005532.9
2312,11.0,-2.0,1621005532.9
2313,12.0,-5.0,1621005532.9
2314,13.0,-1.0,1621005532.9
2315,14.0,-4.0,1621005532.9
2316,16.0,-7.0,1621005532.9
2317,17.0,2.0,1621005532.9
2318,18.0,1.0,1621005532.9
2319,2.0,4.0,1621005533.9
2320,4.0,-2.0,1621005533.9
2321,5.0,-5.0,1621005533.9
2322,6.0,4.0,1621005533.9
2323,7.0,2.0,1621005533.9
2324,9.0,-4.0,1621005533.9
2325,10.0,0.0,1621005533.9
2326,11.0,-2.0,1621005533.9
2327,12.0,-5.0,1621005533.9
2328,13.0,-1.0,1621005533.9
2329,14.0,-4.0,1621005533.9
2330,16.0,-7.0,1621005533.9
2331,17.0,2.0,1621005533.9
2332,18.0,2.0,1621005533.9
2333,2.0,3.0,1621005534.9
2334,4.0,-3.0,1621005534.9
2335,5.0,-5.0,1621005534.9
2336,6.0,4.0,1621005534.9
2337,7.0,1.0,1621005534.9
2338,9.0,-5.0,1621005534.9
2339,10.0,0.0,1621005534.9
2340,11.0,-2.0,1621005534.9
2341,12.0,-5.0,1621005534.9
2342,13.0,-1.0,1621005534.9
2343,14.0,-4.0,1621005534.9
2344,16.0,-7.0,1621005534.9
2345,17.0,2.0,1621005534.9
2346,18.0,1.0,1621005534.9
2347,2.0,3.0,1621005535.9
2348,4.0,-2.0,1621005535.9
2349,5.0,-5.0,1621005535.9
2350,6.0,4.0,1621005535.9
2351,7.0,1.0,1621005535.9
2352,9.0,-4.0,1621005535.9
2353,10.0,0.0,1621005535.9
2354,11.0,-2.0,1621005535.9
2355,12.0,-5.0,1621005535.9
2356,13.0,-1.0,1621005535.9
2357,14.0,-4.0,1621005535.9
2358,16.0,-7.0,1621005535.9
2359,17.0,2.0,1621005535.9
2360,18.0,1.0,1621005535.9
2361,2.0,3.0,1621005537.0
2362,4.0,-3.0,1621005537.0
2363,5.0,-5.0,1621005537.0
2364,6.0,4.0,1621005537.0
2365,7.0,1.0,1621005537.0
2366,9.0,-5.0,1621005537.0
2367,10.0,0.0,1621005537.0
2368,11.0,-2.0,1621005537.0
2369,12.0,-5.0,1621005537.0
2370,13.0,-1.0,1621005537.0
2371,14.0,-4.0,1621005537.0
2372,16.0,-7.0,1621005537.0
2373,17.0,2.0,1621005537.0
2374,18.0,1.0,1621005537.0
2375,2.0,3.0,1621005538.0
2376,4.0,-2.0,1621005538.0
2377,5.0,-5.0,1621005538.0
2378,6.0,4.0,1621005538.0
2379,7.0,2.0,1621005538.0
2380,9.0,-4.0,1621005538.0
2381,10.0,0.0,1621005538.0
2382,11.0,-2.0,1621005538.0
2383,12.0,-5.0,1621005538.0
2384,13.0,-1.0,1621005538.0
2385,14.0,-4.0,1621005538.0
2386,16.0,-7.0,1621005538.0
2387,17.0,2.0,1621005538.0
2388,18.0,1.0,1621005538.0
2389,2.0,3.0,1621005539.0
2390,4.0,-2.0,1621005539.0
2391,5.0,-5.0,1621005539.0
2392,6.0,4.0,1621005539.0
2393,7.0,1.0,1621005539.0
2394,9.0,-5.0,1621005539.0
2395,10.0,0.0,1621005539.0
2396,11.0,-2.0,1621005539.0
2397,12.0,-5.0,1621005539.0
2398,13.0,-1.0,1621005539.0
2399,14.0,-4.0,1621005539.0
2400,16.0,-7.0,1621005539.0
2401,17.0,2.0,1621005539.0
2402,18.0,2.0,1621005539.0
2403,2.0,3.0,1621005540.0
2404,5.0,-6.0,1621005540.0
2405,6.0,4.0,1621005540.0
2406,7.0,1.0,1621005540.0
2407,9.0,-5.0,1621005540.0
2408,10.0,0.0,1621005540.0
2409,11.0,-3.0,1621005540.0
2410,12.0,-5.0,1621005540.0
2411,13.0,-1.0,1621005540.0
2412,14.0,-5.0,1621005540.0
2413,16.0,-7.0,1621005540.0
2414,17.0,2.0,1621005540.0
2415,18.0,1.0,1621005540.0
2416,2.0,3.0,1621005541.0
2417,5.0,-6.0,1621005541.0
2418,6.0,4.0,1621005541.0
2419,7.0,1.0,1621005541.0
2420,9.0,-5.0,1621005541.0
2421,10.0,0.0,1621005541.0
2422,11.0,-3.0,1621005541.0
2423,12.0,-6.0,1621005541.0
2424,13.0,-1.0,1621005541.0
2425,14.0,-5.0,1621005541.0
2426,16.0,-7.0,1621005541.0
2427,17.0,2.0,1621005541.0
2428,18.0,1.0,1621005541.0
2429,2.0,3.0,1621005542.0
2430,5.0,-5.0,1621005542.0
2431,6.0,4.0,1621005542.0
2432,7.0,1.0,1621005542.0
2433,9.0,-5.0,1621005542.0
2434,10.0,0.0,1621005542.0
2435,11.0,-2.0,1621005542.0
2436,12.0,-5.0,1621005542.0
2437,13.0,-1.0,1621005542.0
2438,14.0,-4.0,1621005542.0
2439,16.0,-7.0,1621005542.0
2440,17.0,2.0,1621005542.0
2441,18.0,1.0,1621005542.0
2442,2.0,3.0,1621005543.1
2443,5.0,-6.0,1621005543.1
2444,6.0,4.0,1621005543.1
2445,7.0,1.0,1621005543.1
2446,9.0,-5.0,1621005543.1
2447,10.0,0.0,1621005543.1
2448,11.0,-3.0,1621005543.1
2449,12.0,-6.0,1621005543.1
2450,13.0,-2.0,1621005543.1
2451,14.0,-5.0,1621005543.1
2452,16.0,-8.0,1621005543.1
2453,17.0,2.0,1621005543.1
2454,18.0,1.0,1621005543.1
2455,2.0,3.0,1621005544.1
2456,4.0,-3.0,1621005544.1
2457,5.0,-6.0,1621005544.1
2458,6.0,4.0,1621005544.1
2459,7.0,1.0,1621005544.1
2460,9.0,-5.0,1621005544.1
2461,10.0,0.0,1621005544.1
2462,11.0,-3.0,1621005544.1
2463,12.0,-5.0,1621005544.1
2464,13.0,-2.0,1621005544.1
2465,14.0,-5.0,1621005544.1
2466,16.0,-7.0,1621005544.1
2467,17.0,2.0,1621005544.1
2468,18.0,1.0,1621005544.1
2469,2.0,3.0,1621005545.1
2470,4.0,-3.0,1621005545.1
2471,5.0,-6.0,1621005545.1
2472,6.0,4.0,1621005545.1
2473,7.0,1.0,1621005545.1
2474,9.0,-5.0,1621005545.1
2475,10.0,0.0,1621005545.1
2476,11.0,-3.0,1621005545.1
2477,12.0,-5.0,1621005545.1
2478,13.0,-2.0,1621005545.1
2479,14.0,-5.0,1621005545.1
2480,16.0,-7.0,1621005545.1
2481,17.0,2.0,1621005545.1
2482,18.0,1.0,1621005545.1
2483,2.0,4.0,1621005546.1
2484,4.0,-2.0,1621005546.1
2485,5.0,-5.0,1621005546.1
2486,6.0,4.0,1621005546.1
2487,7.0,2.0,1621005546.1
2488,9.0,-4.0,1621005546.1
2489,10.0,1.0,1621005546.1
2490,11.0,-2.0,1621005546.1
2491,12.0,-5.0,1621005546.1
2492,13.0,-1.0,1621005546.1
2493,14.0,-4.0,1621005546.1
2494,16.0,-7.0,1621005546.1
2495,17.0,3.0,1621005546.1
2496,18.0,2.0,1621005546.1
2497,2.0,3.0,1621005547.1
2498,4.0,-3.0,1621005547.1
2499,5.0,-5.0,1621005547.1
2500,6.0,4.0,1621005547.1
2501,7.0,1.0,1621005547.1
2502,9.0,-5.0,1621005547.1
2503,10.0,0.0,1621005547.1
2504,11.0,-3.0,1621005547.1
2505,12.0,-5.0,1621005547.1
2506,13.0,-1.0,1621005547.1
2507,14.0,-4.0,1621005547.1
2508,16.0,-7.0,1621005547.1
2509,17.0,2.0,1621005547.1
2510,18.0,1.0,1621005547.1
2511,2.0,3.0,1621005548.1
2512,4.0,-3.0,1621005548.1
2513,5.0,-5.0,1621005548.1
2514,6.0,4.0,1621005548.1
2515,7.0,1.0,1621005548.1
2516,9.0,-5.0,1621005548.1
2517,10.0,0.0,1621005548.1
2518,11.0,-2.0,1621005548.1
2519,12.0,-5.0,1621005548.1
2520,13.0,-1.0,1621005548.1
2521,14.0,-4.0,1621005548.1
2522,16.0,-7.0,1621005548.1
2523,17.0,2.0,1621005548.1
2524,18.0,1.0,1621005548.1
2525,2.0,3.0,1621005549.2
2526,4.0,-2.0,1621005549.2
2527,5.0,-5.0,1621005549.2
2528,6.0,4.0,1621005549.2
2529,7.0,2.0,1621005549.2
2530,9.0,-4.0,1621005549.2
2531,10.0,0.0,1621005549.2
2532,11.0,-2.0,1621005549.2
2533,12.0,-5.0,1621005549.2
2534,13.0,-1.0,1621005549.2
2535,14.0,-4.0,1621005549.2
2536,16.0,-7.0,1621005549.2
2537,17.0,2.0,1621005549.2
2538,18.0,2.0,1621005549.2
2539,2.0,4.0,1621005550.2
2540,5.0,-5.0,1621005550.2
2541,6.0,4.0,1621005550.2
2542,7.0,2.0,1621005550.2
2543,9.0,-4.0,1621005550.2
2544,10.0,1.0,1621005550.2
2545,11.0,-2.0,1621005550.2
2546,12.0,-5.0,1621005550.2
2547,13.0,-1.0,1621005550.2
2548,14.0,-4.0,1621005550.2
2549,16.0,-7.0,1621005550.2
2550,17.0,2.0,1621005550.2
2551,18.0,2.0,1621005550.2
2552,2.0,3.0,1621005551.2
2553,5.0,-5.0,1621005551.2
2554,6.0,4.0,1621005551.2
2555,7.0,1.0,1621005551.2
2556,9.0,-5.0,1621005551.2
2557,10.0,0.0,1621005551.2
2558,11.0,-2.0,1621005551.2
2559,12.0,-5.0,1621005551.2
2560,13.0,-1.0,1621005551.2
2561,14.0,-4.0,1621005551.2
2562,16.0,-7.0,1621005551.2
2563,17.0,2.0,1621005551.2
2564,18.0,1.0,1621005551.2
2565,2.0,3.0,1621005552.2
2566,5.0,-6.0,1621005552.2
2567,6.0,4.0,1621005552.2
2568,7.0,1.0,1621005552.2
2569,9.0,-5.0,1621005552.2
2570,10.0,0.0,1621005552.2
2571,11.0,-3.0,1621005552.2
2572,12.0,-5.0,1621005552.2
2573,13.0,-2.0,1621005552.2
2574,14.0,-5.0,1621005552.2
2575,16.0,-7.0,1621005552.2
2576,17.0,2.0,1621005552.2
2577,18.0,1.0,1621005552.2
2578,2.0,3.0,1621005553.2
2579,4.0,-3.0,1621005553.2
2580,5.0,-5.0,1621005553.2
2581,6.0,4.0,1621005553.2
2582,7.0,1.0,1621005553.2
2583,9.0,-5.0,1621005553.2
2584,10.0,0.0,1621005553.2
2585,11.0,-2.0,1621005553.2
2586,12.0,-5.0,1621005553.2
2587,13.0,-1.0,1621005553.2
2588,14.0,-4.0,1621005553.2
2589,16.0,-7.0,1621005553.2
2590,17.0,2.0,1621005553.2
2591,18.0,1.0,1621005553.2
2592,2.0,4.0,1621005555.3
2593,5.0,-5.0,1621005555.3
2594,6.0,4.0,1621005555.3
2595,7.0,2.0,1621005555.3
2596,9.0,-4.0,1621005555.3
2597,10.0,0.0,1621005555.3
2598,11.0,-2.0,1621005555.3
2599,12.0,-5.0,1621005555.3
2600,13.0,-1.0,1621005555.3
2601,14.0,-4.0,1621005555.3
2602,16.0,-7.0,1621005555.3
2603,17.0,3.0,1621005555.3
2604,18.0,2.0,1621005555.3
2605,2.0,3.0,1621005554.2
2606,5.0,-6.0,1621005554.2
2607,6.0,4.0,1621005554.2
2608,7.0,1.0,1621005554.2
2609,9.0,-5.0,1621005554.2
2610,10.0,0.0,1621005554.2
2611,11.0,-2.0,1621005554.2
2612,12.0,-5.0,1621005554.2
2613,13.0,-1.0,1621005554.2
2614,14.0,-4.0,1621005554.2
2615,16.0,-7.0,1621005554.2
2616,17.0,2.0,1621005554.2
2617,18.0,1.0,1621005554.2
2618,2.0,4.0,1621005556.3
2619,5.0,-5.0,1621005556.3
2620,6.0,4.0,1621005556.3
2621,7.0,2.0,1621005556.3
2622,9.0,-4.0,1621005556.3
2623,10.0,1.0,1621005556.3
2624,11.0,-2.0,1621005556.3
2625,12.0,-5.0,1621005556.3
2626,13.0,-1.0,1621005556.3
2627,14.0,-4.0,1621005556.3
2628,16.0,-7.0,1621005556.3
2629,17.0,3.0,1621005556.3
2630,18.0,2.0,1621005556.3
2631,2.0,3.0,1621005557.3
2632,4.0,-3.0,1621005557.3
2633,5.0,-6.0,1621005557.3
2634,6.0,4.0,1621005557.3
2635,7.0,1.0,1621005557.3
2636,9.0,-5.0,1621005557.3
2637,10.0,0.0,1621005557.3
2638,11.0,-3.0,1621005557.3
2639,12.0,-6.0,1621005557.3
2640,13.0,-2.0,1621005557.3
2641,14.0,-5.0,1621005557.3
2642,16.0,-7.0,1621005557.3
2643,17.0,2.0,1621005557.3
2644,18.0,1.0,1621005557.3
2645,2.0,4.0,1621005558.3
2646,5.0,-5.0,1621005558.3
2647,6.0,5.0,1621005558.3
2648,7.0,2.0,1621005558.3
2649,9.0,-4.0,1621005558.3
2650,10.0,1.0,1621005558.3
2651,11.0,-2.0,1621005558.3
2652,12.0,-5.0,1621005558.3
2653,13.0,-1.0,1621005558.3
2654,14.0,-4.0,1621005558.3
2655,16.0,-7.0,1621005558.3
2656,17.0,3.0,1621005558.3
2657,18.0,2.0,1621005558.3
2658,2.0,4.0,1621005559.3
2659,5.0,-5.0,1621005559.3
2660,6.0,4.0,1621005559.3
2661,7.0,2.0,1621005559.3
2662,9.0,-4.0,1621005559.3
2663,10.0,0.0,1621005559.3
2664,11.0,-2.0,1621005559.3
2665,12.0,-5.0,1621005559.3
2666,13.0,-1.0,1621005559.3
2667,14.0,-4.0,1621005559.3
2668,16.0,-7.0,1621005559.3
2669,17.0,2.0,1621005559.3
2670,18.0,2.0,1621005559.3
2671,2.0,3.0,1621005560.3
2672,5.0,-6.0,1621005560.3
2673,6.0,4.0,1621005560.3
2674,7.0,1.0,1621005560.3
2675,9.0,-5.0,1621005560.3
2676,10.0,0.0,1621005560.3
2677,11.0,-3.0,1621005560.3
2678,12.0,-5.0,1621005560.3
2679,13.0,-1.0,1621005560.3
2680,14.0,-5.0,1621005560.3
2681,16.0,-7.0,1621005560.3
2682,17.0,2.0,1621005560.3
2683,18.0,1.0,1621005560.3
2684,2.0,4.0,1621005561.4
2685,4.0,-2.0,1621005561.4
2686,5.0,-5.0,1621005561.4
2687,6.0,4.0,1621005561.4
2688,7.0,2.0,1621005561.4
2689,9.0,-4.0,1621005561.4
2690,10.0,0.0,1621005561.4
2691,11.0,-2.0,1621005561.4
2692,12.0,-5.0,1621005561.4
2693,13.0,-1.0,1621005561.4
2694,14.0,-4.0,1621005561.4
2695,16.0,-7.0,1621005561.4
2696,17.0,3.0,1621005561.4
2697,18.0,2.0,1621005561.4
2698,2.0,3.0,1621005562.4
2699,4.0,-3.0,1621005562.4
2700,5.0,-6.0,1621005562.4
2701,6.0,4.0,1621005562.4
2702,7.0,1.0,1621005562.4
2703,9.0,-5.0,1621005562.4
2704,10.0,0.0,1621005562.4
2705,11.0,-3.0,1621005562.4
2706,12.0,-5.0,1621005562.4
2707,13.0,-1.0,1621005562.4
2708,14.0,-4.0,1621005562.4
2709,16.0,-7.0,1621005562.4
2710,17.0,2.0,1621005562.4
2711,18.0,1.0,1621005562.4
2712,2.0,4.0,1621005563.4
2713,4.0,-2.0,1621005563.4
2714,5.0,-5.0,1621005563.4
2715,6.0,4.0,1621005563.4
2716,7.0,2.0,1621005563.4
2717,9.0,-4.0,1621005563.4
2718,10.0,0.0,1621005563.4
2719,11.0,-2.0,1621005563.4
2720,12.0,-5.0,1621005563.4
2721,13.0,-1.0,1621005563.4
2722,14.0,-4.0,1621005563.4
2723,16.0,-7.0,1621005563.4
2724,17.0,3.0,1621005563.4
2725,18.0,2.0,1621005563.4
2726,2.0,3.0,1621005564.4
2727,4.0,-3.0,1621005564.4
2728,5.0,-5.0,1621005564.4
2729,6.0,4.0,1621005564.4
2730,7.0,1.0,1621005564.4
2731,9.0,-5.0,1621005564.4
2732,10.0,0.0,1621005564.4
2733,11.0,-2.0,1621005564.4
2734,12.0,-5.0,1621005564.4
2735,13.0,-1.0,1621005564.4
2736,14.0,-4.0,1621005564.4
2737,16.0,-7.0,1621005564.4
2738,17.0,2.0,1621005564.4
2739,18.0,1.0,1621005564.4
2740,2.0,3.0,1621005565.4
2741,4.0,-2.0,1621005565.4
2742,5.0,-5.0,1621005565.4
2743,6.0,4.0,1621005565.4
2744,7.0,1.0,1621005565.4
2745,9.0,-5.0,1621005565.4
2746,10.0,0.0,1621005565.4
2747,11.0,-2.0,1621005565.4
2748,12.0,-5.0,1621005565.4
2749,13.0,-1.0,1621005565.4
2750,14.0,-4.0,1621005565.4
2751,16.0,-7.0,1621005565.4
2752,17.0,2.0,1621005565.4
2753,18.0,1.0,1621005565.4
2754,2.0,3.0,1621005566.4
2755,4.0,-2.0,1621005566.4
2756,5.0,-5.0,1621005566.4
2757,6.0,4.0,1621005566.4
2758,7.0,1.0,1621005566.4
2759,9.0,-5.0,1621005566.4
2760,10.0,0.0,1621005566.4
2761,11.0,-2.0,1621005566.4
2762,12.0,-5.0,1621005566.4
2763,13.0,-1.0,1621005566.4
2764,14.0,-4.0,1621005566.4
2765,16.0,-7.0,1621005566.4
2766,17.0,2.0,1621005566.4
2767,18.0,1.0,1621005566.4
2768,2.0,4.0,1621005567.5
2769,4.0,-2.0,1621005567.5
2770,5.0,-5.0,1621005567.5
2771,6.0,4.0,1621005567.5
2772,7.0,2.0,1621005567.5
2773,9.0,-4.0,1621005567.5
2774,10.0,0.0,1621005567.5
2775,11.0,-2.0,1621005567.5
2776,12.0,-5.0,1621005567.5
2777,13.0,-1.0,1621005567.5
2778,14.0,-4.0,1621005567.5
2779,16.0,-7.0,1621005567.5
2780,17.0,3.0,1621005567.5
2781,18.0,2.0,1621005567.5
2782,2.0,4.0,1621005568.5
2783,4.0,-2.0,1621005568.5
2784,5.0,-5.0,1621005568.5
2785,6.0,4.0,1621005568.5
2786,7.0,2.0,1621005568.5
2787,9.0,-4.0,1621005568.5
2788,10.0,1.0,1621005568.5
2789,11.0,-2.0,1621005568.5
2790,12.0,-5.0,1621005568.5
2791,13.0,-1.0,1621005568.5
2792,14.0,-4.0,1621005568.5
2793,16.0,-7.0,1621005568.5
2794,17.0,3.0,1621005568.5
2795,18.0,2.0,1621005568.5
2796,2.0,4.0,1621005569.5
2797,4.0,-2.0,1621005569.5
2798,5.0,-5.0,1621005569.5
2799,6.0,4.0,1621005569.5
2800,7.0,2.0,1621005569.5
2801,9.0,-4.0,1621005569.5
2802,10.0,1.0,1621005569.5
2803,11.0,-2.0,1621005569.5
2804,12.0,-5.0,1621005569.5
2805,13.0,-1.0,1621005569.5
2806,14.0,-4.0,1621005569.5
2807,16.0,-7.0,1621005569.5
2808,17.0,3.0,1621005569.5
2809,18.0,2.0,1621005569.5
2810,2.0,4.0,1621005570.5
2811,5.0,-5.0,1621005570.5
2812,6.0,4.0,1621005570.5
2813,7.0,2.0,1621005570.5
2814,9.0,-4.0,1621005570.5
2815,10.0,1.0,1621005570.5
2816,11.0,-2.0,1621005570.5
2817,12.0,-5.0,1621005570.5
2818,13.0,-1.0,1621005570.5
2819,14.0,-4.0,1621005570.5
2820,16.0,-7.0,1621005570.5
2821,17.0,3.0,1621005570.5
2822,18.0,2.0,1621005570.5
2823,2.0,3.0,1621005571.5
2824,5.0,-5.0,1621005571.5
2825,6.0,4.0,1621005571.5
2826,7.0,1.0,1621005571.5
2827,9.0,-5.0,1621005571.5
2828,10.0,0.0,1621005571.5
2829,11.0,-2.0,1621005571.5
2830,12.0,-5.0,1621005571.5
2831,13.0,-1.0,1621005571.5
2832,14.0,-4.0,1621005571.5
2833,16.0,-7.0,1621005571.5
2834,17.0,2.0,1621005571.5
2835,18.0,1.0,1621005571.5
2836,2.0,3.0,1621005572.5
2837,5.0,-5.0,1621005572.5
2838,6.0,4.0,1621005572.5
2839,7.0,2.0,1621005572.5
2840,9.0,-5.0,1621005572.5
2841,10.0,0.0,1621005572.5
2842,11.0,-2.0,1621005572.5
2843,12.0,-5.0,1621005572.5
2844,13.0,-1.0,1621005572.5
2845,14.0,-4.0,1621005572.5
2846,16.0,-7.0,1621005572.5
2847,17.0,2.0,1621005572.5
2848,18.0,1.0,1621005572.5
2849,2.0,3.0,1621005573.6
2850,5.0,-5.0,1621005573.6
2851,6.0,4.0,1621005573.6
2852,7.0,1.0,1621005573.6
2853,9.0,-4.0,1621005573.6
2854,10.0,0.0,1621005573.6
2855,11.0,-2.0,1621005573.6
2856,12.0,-5.0,1621005573.6
2857,13.0,-1.0,1621005573.6
2858,14.0,-4.0,1621005573.6
2859,16.0,-7.0,1621005573.6
2860,17.0,2.0,1621005573.6
2861,18.0,1.0,1621005573.6
2862,2.0,3.0,1621005574.6
2863,5.0,-5.0,1621005574.6
2864,6.0,4.0,1621005574.6
2865,7.0,1.0,1621005574.6
2866,9.0,-5.0,1621005574.6
2867,10.0,0.0,1621005574.6
2868,11.0,-2.0,1621005574.6
2869,12.0,-5.0,1621005574.6
2870,13.0,-1.0,1621005574.6
2871,14.0,-4.0,1621005574.6
2872,16.0,-7.0,1621005574.6
2873,17.0,2.0,1621005574.6
2874,18.0,1.0,1621005574.6
2875,2.0,4.0,1621005575.6
2876,5.0,-5.0,1621005575.6
2877,6.0,4.0,1621005575.6
2878,7.0,2.0,1621005575.6
2879,9.0,-4.0,1621005575.6
2880,10.0,1.0,1621005575.6
2881,11.0,-2.0,1621005575.6
2882,12.0,-5.0,1621005575.6
2883,13.0,-1.0,1621005575.6
2884,14.0,-4.0,1621005575.6
2885,16.0,-7.0,1621005575.6
2886,17.0,3.0,1621005575.6
2887,18.0,2.0,1621005575.6
2888,2.0,3.0,1621005576.6
2889,5.0,-5.0,1621005576.6
2890,6.0,4.0,1621005576.6
2891,7.0,2.0,1621005576.6
2892,9.0,-4.0,1621005576.6
2893,10.0,0.0,1621005576.6
2894,11.0,-2.0,1621005576.6
2895,12.0,-5.0,1621005576.6
2896,13.0,-1.0,1621005576.6
2897,14.0,-4.0,1621005576.6
2898,16.0,-7.0,1621005576.6
2899,17.0,2.0,1621005576.6
2900,18.0,2.0,1621005576.6
2901,2.0,3.0,1621005577.6
2902,5.0,-5.0,1621005577.6
2903,6.0,4.0,1621005577.6
2904,7.0,1.0,1621005577.6
2905,9.0,-4.0,1621005577.6
2906,10.0,0.0,1621005577.6
2907,11.0,-2.0,1621005577.6
2908,12.0,-5.0,1621005577.6
2909,13.0,-1.0,1621005577.6
2910,14.0,-4.0,1621005577.6
2911,16.0,-7.0,1621005577.6
2912,17.0,2.0,1621005577.6
2913,18.0,1.0,1621005577.6
2914,2.0,3.0,1621005579.7
2915,5.0,-5.0,1621005579.7
2916,6.0,4.0,1621005579.7
2917,7.0,1.0,1621005579.7
2918,9.0,-5.0,1621005579.7
2919,10.0,0.0,1621005579.7
2920,11.0,-2.0,1621005579.7
2921,12.0,-5.0,1621005579.7
2922,13.0,-1.0,1621005579.7
2923,14.0,-4.0,1621005579.7
2924,16.0,-7.0,1621005579.7
2925,17.0,2.0,1621005579.7
2926,18.0,1.0,1621005579.7
2927,2.0,4.0,1621005578.6
2928,5.0,-5.0,1621005578.6
2929,6.0,4.0,1621005578.6
2930,7.0,2.0,1621005578.6
2931,9.0,-4.0,1621005578.6
2932,10.0,1.0,1621005578.6
2933,11.0,-2.0,1621005578.6
2934,12.0,-5.0,1621005578.6
2935,13.0,-1.0,1621005578.6
2936,14.0,-4.0,1621005578.6
2937,16.0,-7.0,1621005578.6
2938,17.0,3.0,1621005578.6
2939,18.0,2.0,1621005578.6
2940,2.0,3.0,1621005580.7
2941,5.0,-5.0,1621005580.7
2942,6.0,4.0,1621005580.7
2943,7.0,1.0,1621005580.7
2944,9.0,-5.0,1621005580.7
2945,10.0,0.0,1621005580.7
2946,11.0,-2.0,1621005580.7
2947,12.0,-5.0,1621005580.7
2948,13.0,-1.0,1621005580.7
2949,14.0,-4.0,1621005580.7
2950,16.0,-7.0,1621005580.7
2951,17.0,2.0,1621005580.7
2952,18.0,1.0,1621005580.7
2953,2.0,3.0,1621005581.7
2954,5.0,-5.0,1621005581.7
2955,6.0,4.0,1621005581.7
2956,7.0,1.0,1621005581.7
2957,9.0,-5.0,1621005581.7
2958,10.0,0.0,1621005581.7
2959,11.0,-2.0,1621005581.7
2960,13.0,-1.0,1621005581.7
2961,14.0,-4.0,1621005581.7
2962,16.0,-7.0,1621005581.7
2963,17.0,2.0,1621005581.7
2964,18.0,1.0,1621005581.7
2965,2.0,3.0,1621005582.7
2966,5.0,-5.0,1621005582.7
2967,6.0,4.0,1621005582.7
2968,7.0,1.0,1621005582.7
2969,9.0,-5.0,1621005582.7
2970,10.0,0.0,1621005582.7
2971,11.0,-2.0,1621005582.7
2972,12.0,-5.0,1621005582.7
2973,13.0,-1.0,1621005582.7
2974,14.0,-4.0,1621005582.7
2975,16.0,-7.0,1621005582.7
2976,17.0,2.0,1621005582.7
2977,18.0,1.0,1621005582.7
2978,2.0,3.0,1621005583.7
2979,5.0,-5.0,1621005583.7
2980,6.0,4.0,1621005583.7
2981,7.0,1.0,1621005583.7
2982,9.0,-5.0,1621005583.7
2983,10.0,0.0,1621005583.7
2984,11.0,-2.0,1621005583.7
2985,12.0,-5.0,1621005583.7
2986,13.0,-1.0,1621005583.7
2987,14.0,-4.0,1621005583.7
2988,16.0,-7.0,1621005583.7
2989,17.0,2.0,1621005583.7
2990,18.0,1.0,1621005583.7
2991,2.0,3.0,1621005584.7
2992,5.0,-5.0,1621005584.7
2993,6.0,4.0,1621005584.7
2994,7.0,1.0,1621005584.7
2995,9.0,-5.0,1621005584.7
2996,10.0,0.0,1621005584.7
2997,11.0,-2.0,1621005584.7
2998,12.0,-5.0,1621005584.7
2999,13.0,-1.0,1621005584.7
3000,14.0,-4.0,1621005584.7
3001,16.0,-7.0,1621005584.7
3002,17.0,2.0,1621005584.7
3003,18.0,1.0,1621005584.7
3004,2.0,3.0,1621005585.8
3005,4.0,-3.0,1621005585.8
3006,5.0,-6.0,1621005585.8
3007,6.0,4.0,1621005585.8
3008,7.0,1.0,1621005585.8
3009,9.0,-5.0,1621005585.8
3010,10.0,0.0,1621005585.8
3011,11.0,-2.0,1621005585.8
3012,12.0,-5.0,1621005585.8
3013,13.0,-1.0,1621005585.8
3014,14.0,-4.0,1621005585.8
3015,16.0,-7.0,1621005585.8
3016,17.0,2.0,1621005585.8
3017,18.0,1.0,1621005585.8
3018,2.0,3.0,1621005586.8
3019,4.0,-3.0,1621005586.8
3020,5.0,-6.0,1621005586.8
3021,6.0,4.0,1621005586.8
3022,7.0,1.0,1621005586.8
3023,9.0,-5.0,1621005586.8
3024,10.0,0.0,1621005586.8
3025,11.0,-3.0,1621005586.8
3026,12.0,-5.0,1621005586.8
3027,13.0,-1.0,1621005586.8
3028,14.0,-4.0,1621005586.8
3029,16.0,-7.0,1621005586.8
3030,17.0,2.0,1621005586.8
3031,18.0,1.0,1621005586.8
3032,2.0,3.0,1621005587.8
3033,4.0,-3.0,1621005587.8
3034,5.0,-5.0,1621005587.8
3035,6.0,4.0,1621005587.8
3036,7.0,1.0,1621005587.8
3037,9.0,-5.0,1621005587.8
3038,10.0,0.0,1621005587.8
3039,11.0,-2.0,1621005587.8
3040,12.0,-5.0,1621005587.8
3041,13.0,-1.0,1621005587.8
3042,14.0,-4.0,1621005587.8
3043,16.0,-7.0,1621005587.8
3044,17.0,2.0,1621005587.8
3045,18.0,1.0,1621005587.8
3046,2.0,3.0,1621005588.8
3047,4.0,-2.0,1621005588.8
3048,5.0,-5.0,1621005588.8
3049,6.0,4.0,1621005588.8
3050,7.0,2.0,1621005588.8
3051,9.0,-4.0,1621005588.8
3052,10.0,0.0,1621005588.8
3053,11.0,-2.0,1621005588.8
3054,12.0,-5.0,1621005588.8
3055,13.0,-1.0,1621005588.8
3056,14.0,-4.0,1621005588.8
3057,16.0,-7.0,1621005588.8
3058,17.0,2.0,1621005588.8
3059,18.0,2.0,1621005588.8
3060,2.0,3.0,1621005589.8
3061,4.0,-3.0,1621005589.8
3062,5.0,-6.0,1621005589.8
3063,6.0,4.0,1621005589.8
3064,7.0,1.0,1621005589.8
3065,9.0,-5.0,1621005589.8
3066,10.0,0.0,1621005589.8
3067,11.0,-2.0,1621005589.8
3068,12.0,-5.0,1621005589.8
3069,13.0,-1.0,1621005589.8
3070,14.0,-4.0,1621005589.8
3071,16.0,-7.0,1621005589.8
3072,17.0,2.0,1621005589.8
3073,18.0,1.0,1621005589.8
3074,2.0,3.0,1621005590.8
3075,4.0,-2.0,1621005590.8
3076,5.0,-5.0,1621005590.8
3077,6.0,4.0,1621005590.8
3078,7.0,2.0,1621005590.8
3079,9.0,-4.0,1621005590.8
3080,10.0,0.0,1621005590.8
3081,11.0,-2.0,1621005590.8
3082,12.0,-5.0,1621005590.8
3083,13.0,-1.0,1621005590.8
3084,14.0,-4.0,1621005590.8
3085,16.0,-7.0,1621005590.8
3086,17.0,2.0,1621005590.8
3087,18.0,2.0,1621005590.8
3088,2.0,3.0,1621005591.9
3089,4.0,-3.0,1621005591.9
3090,5.0,-5.0,1621005591.9
3091,6.0,4.0,1621005591.9
3092,7.0,1.0,1621005591.9
3093,9.0,-5.0,1621005591.9
3094,10.0,0.0,1621005591.9
3095,11.0,-2.0,1621005591.9
3096,12.0,-5.0,1621005591.9
3097,13.0,-1.0,1621005591.9
3098,14.0,-4.0,1621005591.9
3099,16.0,-7.0,1621005591.9
3100,17.0,2.0,1621005591.9
3101,18.0,1.0,1621005591.9
3102,2.0,4.0,1621005592.9
3103,4.0,-2.0,1621005592.9
3104,5.0,-5.0,1621005592.9
3105,6.0,4.0,1621005592.9
3106,7.0,2.0,1621005592.9
3107,9.0,-4.0,1621005592.9
3108,10.0,1.0,1621005592.9
3109,11.0,-2.0,1621005592.9
3110,12.0,-5.0,1621005592.9
3111,13.0,-1.0,1621005592.9
3112,14.0,-4.0,1621005592.9
3113,16.0,-7.0,1621005592.9
3114,17.0,3.0,1621005592.9
3115,18.0,2.0,1621005592.9
3116,2.0,3.0,1621005593.9
3117,4.0,-3.0,1621005593.9
3118,5.0,-5.0,1621005593.9
3119,6.0,4.0,1621005593.9
3120,7.0,1.0,1621005593.9
3121,9.0,-5.0,1621005593.9
3122,10.0,0.0,1621005593.9
3123,11.0,-2.0,1621005593.9
3124,12.0,-5.0,1621005593.9
3125,13.0,-1.0,1621005593.9
3126,14.0,-4.0,1621005593.9
3127,16.0,-7.0,1621005593.9
3128,17.0,2.0,1621005593.9
3129,18.0,1.0,1621005593.9
3130,2.0,4.0,1621005594.9
3131,4.0,-2.0,1621005594.9
3132,5.0,-5.0,1621005594.9
3133,6.0,5.0,1621005594.9
3134,7.0,2.0,1621005594.9
3135,9.0,-4.0,1621005594.9
3136,10.0,1.0,1621005594.9
3137,11.0,-2.0,1621005594.9
3138,12.0,-4.0,1621005594.9
3139,13.0,-1.0,1621005594.9
3140,14.0,-4.0,1621005594.9
3141,16.0,-6.0,1621005594.9
3142,17.0,3.0,1621005594.9
3143,18.0,2.0,1621005594.9
3144,2.0,3.0,1621005595.9
3145,4.0,-3.0,1621005595.9
3146,5.0,-6.0,1621005595.9
3147,6.0,4.0,1621005595.9
3148,7.0,1.0,1621005595.9
3149,9.0,-5.0,1621005595.9
3150,10.0,0.0,1621005595.9
3151,11.0,-3.0,1621005595.9
3152,12.0,-6.0,1621005595.9
3153,13.0,-2.0,1621005595.9
3154,14.0,-5.0,1621005595.9
3155,16.0,-7.0,1621005595.9
3156,17.0,2.0,1621005595.9
3157,18.0,1.0,1621005595.9
3158,2.0,3.0,1621005596.9
3159,5.0,-6.0,1621005596.9
3160,6.0,4.0,1621005596.9
3161,7.0,1.0,1621005596.9
3162,9.0,-5.0,1621005596.9
3163,10.0,0.0,1621005596.9
3164,11.0,-3.0,1621005596.9
3165,12.0,-5.0,1621005596.9
3166,13.0,-1.0,1621005596.9
3167,14.0,-5.0,1621005596.9
3168,16.0,-7.0,1621005596.9
3169,17.0,2.0,1621005596.9
3170,18.0,1.0,1621005596.9
3171,2.0,3.0,1621005598.0
3172,5.0,-5.0,1621005598.0
3173,6.0,4.0,1621005598.0
3174,7.0,2.0,1621005598.0
3175,9.0,-4.0,1621005598.0
3176,10.0,0.0,1621005598.0
3177,11.0,-2.0,1621005598.0
3178,12.0,-5.0,1621005598.0
3179,13.0,-1.0,1621005598.0
3180,14.0,-4.0,1621005598.0
3181,16.0,-7.0,1621005598.0
3182,17.0,2.0,1621005598.0
3183,18.0,2.0,1621005598.0
3184,2.0,3.0,1621005599.0
3185,5.0,-5.0,1621005599.0
3186,6.0,4.0,1621005599.0
3187,7.0,1.0,1621005599.0
3188,9.0,-5.0,1621005599.0
3189,10.0,0.0,1621005599.0
3190,11.0,-2.0,1621005599.0
3191,12.0,-5.0,1621005599.0
3192,13.0,-1.0,1621005599.0
3193,14.0,-4.0,1621005599.0
3194,16.0,-7.0,1621005599.0
3195,17.0,2.0,1621005599.0
3196,18.0,1.0,1621005599.0
3197,2.0,3.0,1621005600.0
3198,4.0,-3.0,1621005600.0
3199,5.0,-5.0,1621005600.0
3200,6.0,4.0,1621005600.0
3201,7.0,1.0,1621005600.0
3202,9.0,-5.0,1621005600.0
3203,10.0,0.0,1621005600.0
3204,11.0,-2.0,1621005600.0
3205,12.0,-5.0,1621005600.0
3206,13.0,-1.0,1621005600.0
3207,14.0,-4.0,1621005600.0
3208,16.0,-7.0,1621005600.0
3209,17.0,2.0,1621005600.0
3210,18.0,1.0,1621005600.0
